mbid,verse_name,poetry_form,t_start,t_end,offset_start,offset_end,mizan,orchestra,lyric
a451a7fc-c53f-462a-b3fc-4377bb588105,mu.1.1.1,Zejel,78.1882518562631,151.14870235195244,214.0,283.5,Bṭāyḥī,Brihi Orchestra,shams al-aṣīl mudhhab
a451a7fc-c53f-462a-b3fc-4377bb588105,mu.1.1.2,Zejel,151.14870235195244,185.10059515687718,286.0,333.5,Bṭāyḥī,Brihi Orchestra,fī marjin min dhahab
a451a7fc-c53f-462a-b3fc-4377bb588105,mu.1.2.1,Zejel,210.01902952876458,242.89105099504695,334.0,349.5,Bṭāyḥī,Brihi Orchestra,awṣāf ‘ujāb
a451a7fc-c53f-462a-b3fc-4377bb588105,mu.1.3.1,Zejel,277.1208259716817,311.2230431546842,413.5,414.0,Bṭāyḥī,Brihi Orchestra,warā’ ḥijāb
a451a7fc-c53f-462a-b3fc-4377bb588105,mu.1.4.1,Zejel,345.51998705660367,379.7567326594646,477.5,478.0,Bṭāyḥī,Brihi Orchestra,labsat thiyāb
a451a7fc-c53f-462a-b3fc-4377bb588105,mu.1.5.1,Zejel,379.7567326594646,457.25705071525124,515.5,566.0,Bṭāyḥī,Brihi Orchestra,unẓur tará mā āi‘jab
a451a7fc-c53f-462a-b3fc-4377bb588105,mu.1.5.2,Zejel,457.25705071525124,517.5547263214899,587.5,614.5,Bṭāyḥī,Brihi Orchestra,al-shams ḥīn tuḥjab
a451a7fc-c53f-462a-b3fc-4377bb588105,mu.2.1.1,Qasida,517.5547263214899,551.2366709742372,644.5,678.5,Bṭāyḥī,Brihi Orchestra,qarub al-masā yā marḥaban biqudūmih
a451a7fc-c53f-462a-b3fc-4377bb588105,mu.2.1.2,Qasida,586.2054579257671,620.3338328382041,708.5,742.5,Bṭāyḥī,Brihi Orchestra,ammā al-nhār qad āinqaḍá bisabīlih
a451a7fc-c53f-462a-b3fc-4377bb588105,mu.2.2.1,Qasida,653.810535676268,688.2812803980701,772.5,774.5,Bṭāyḥī,Brihi Orchestra,iqrā al-salām ilá al-basātīn kullihā
a451a7fc-c53f-462a-b3fc-4377bb588105,mu.2.2.2,Qasida,688.2812803980701,722.4409859899388,803.5,805.0,Bṭāyḥī,Brihi Orchestra,wa’ilá al-ḥabīb idhā āiltaqá
a451a7fc-c53f-462a-b3fc-4377bb588105,mu.3.1.1,Moaxaja,722.4409859899388,739.4527652769311,819.5,820.5,Bṭāyḥī,Brihi Orchestra,ḥay al-diyār
a451a7fc-c53f-462a-b3fc-4377bb588105,mu.3.1.2,Moaxaja,739.4527652769311,773.4958492533933,851.5,902.0,Bṭāyḥī,Brihi Orchestra,waman bihā sākin
a451a7fc-c53f-462a-b3fc-4377bb588105,mu.3.2.1,Moaxaja,825.5349916993482,842.986767808094,915.5,916.5,Bṭāyḥī,Brihi Orchestra,wa‘uj mirār
a451a7fc-c53f-462a-b3fc-4377bb588105,mu.3.2.2,Moaxaja,842.986767808094,877.1536627260273,947.5,998.0,Bṭāyḥī,Brihi Orchestra,wahayyij al-sākin
a451a7fc-c53f-462a-b3fc-4377bb588105,mu.3.3.1,Moaxaja,928.5054142933549,945.8423862737403,1011.5,1012.5,Bṭāyḥī,Brihi Orchestra,ẓabī al-qifār
a451a7fc-c53f-462a-b3fc-4377bb588105,mu.3.3.2,Moaxaja,945.8423862737403,962.8724042756236,1027.5,1028.5,Bṭāyḥī,Brihi Orchestra,bimuhjatī sākin
a451a7fc-c53f-462a-b3fc-4377bb588105,mu.3.4.1,Moaxaja,962.8724042756236,980.3306138223054,1043.5,1060.5,Bṭāyḥī,Brihi Orchestra,badr al-tamām
a451a7fc-c53f-462a-b3fc-4377bb588105,mu.3.4.2,Moaxaja,997.3457223726006,1014.9251694855787,1075.5,1078.5,Bṭāyḥī,Brihi Orchestra,qad hayyaj ashjānī
a451a7fc-c53f-462a-b3fc-4377bb588105,mu.3.5.1,Moaxaja,1014.9251694855787,1032.1866132312282,1091.5,1092.5,Bṭāyḥī,Brihi Orchestra,yaqḍī huyām
a451a7fc-c53f-462a-b3fc-4377bb588105,mu.3.5.2,Moaxaja,1032.1866132312282,1066.5340778110199,1123.5,1124.5,Bṭāyḥī,Brihi Orchestra,lil‘āshiq al-fānī
a451a7fc-c53f-462a-b3fc-4377bb588105,mu.4.1.1,Moaxaja,1066.5340778110199,1101.1468721891836,1155.5,1156.5,Bṭāyḥī,Brihi Orchestra,yā ṭl‘t al-badr al-akmal
a451a7fc-c53f-462a-b3fc-4377bb588105,mu.4.1.2,Moaxaja,1101.1468721891836,1169.7857985165076,1219.5,1316.5,Bṭāyḥī,Brihi Orchestra,yā shams ba‘d al-ghamām
a451a7fc-c53f-462a-b3fc-4377bb588105,mu.4.2.1,Moaxaja,1274.513916441726,1310.4017281220804,1347.5,1348.5,Bṭāyḥī,Brihi Orchestra,al-bu‘d mā ṭiqt aḥmil
a451a7fc-c53f-462a-b3fc-4377bb588105,mu.4.2.2,Moaxaja,1310.4017281220804,1378.70417948238,1411.5,1508.5,Bṭāyḥī,Brihi Orchestra,min law‘atī wagharāmī
a451a7fc-c53f-462a-b3fc-4377bb588105,mu.4.3.1,Moaxaja,1481.5464543104138,1516.4628734037774,1539.5,1540.5,Bṭāyḥī,Brihi Orchestra,kam yalī aktub wa’ursil
a451a7fc-c53f-462a-b3fc-4377bb588105,mu.4.3.2,Moaxaja,1516.4628734037774,1551.1552458562,1571.0,1571.5,Bṭāyḥī,Brihi Orchestra,‘asá tarudd slāmī
a451a7fc-c53f-462a-b3fc-4377bb588105,mu.4.4.1,Moaxaja,1551.1552458562,1588.0114660103063,1606.0,1638.0,Bṭāyḥī,Brihi Orchestra,in ṭāl ‘alay bi‘āduk
a451a7fc-c53f-462a-b3fc-4377bb588105,mu.4.4.2,Moaxaja,1621.8969789984108,1654.5415570098369,1667.5,1668.5,Bṭāyḥī,Brihi Orchestra,ẓannīt namūt yā ḥabībī
a451a7fc-c53f-462a-b3fc-4377bb588105,mu.4.5.1,Moaxaja,1654.5415570098369,1689.176566571908,1699.5,1700.5,Bṭāyḥī,Brihi Orchestra,an‘im wajud biwiṣālik
a451a7fc-c53f-462a-b3fc-4377bb588105,mu.4.5.2,Moaxaja,1689.176566571908,1757.7301803959028,1763.5,1764.5,Bṭāyḥī,Brihi Orchestra,yā mumriḍī waṭabībī
a451a7fc-c53f-462a-b3fc-4377bb588105,ma.1.1.1,Zejel,1964.3145754738669,1977.0258134307794,1775.5,1777.0,Bṭāyḥī,Brihi Orchestra,yā ‘ashīyā
a451a7fc-c53f-462a-b3fc-4377bb588105,ma.1.1.2,Zejel,1977.0258134307794,2001.6670462855677,1807.5,1860.5,Bṭāyḥī,Brihi Orchestra,mahlan ‘alá majālis al-furjah
a451a7fc-c53f-462a-b3fc-4377bb588105,ma.1.2.1,Zejel,2040.024516311933,2052.9782625199823,1871.5,1873.0,Bṭāyḥī,Brihi Orchestra,qif hunayyā
a451a7fc-c53f-462a-b3fc-4377bb588105,ma.1.2.2,Zejel,2052.9782625199823,2077.0982436719323,1903.5,1956.5,Bṭāyḥī,Brihi Orchestra,umatti‘ al-abṣār bi-al-nuzhah
a451a7fc-c53f-462a-b3fc-4377bb588105,ma.1.3.2,Zejel,2127.998076443884,2152.1781756943096,2003.5,2004.5,Bṭāyḥī,Brihi Orchestra,qad ṭāb waqtī wāizdahat sā‘atī
a451a7fc-c53f-462a-b3fc-4377bb588105,ma.1.4.1,Zejel,2152.1781756943096,2175.8616903287743,2035.5,2068.5,Bṭāyḥī,Brihi Orchestra,qum ‘āyin al-rawḍ fī ḥullah
a451a7fc-c53f-462a-b3fc-4377bb588105,ma.1.4.2,Zejel,2200.830356920148,2216.9865529498607,2088.5,2090.5,Bṭāyḥī,Brihi Orchestra,al-‘ashīyah ‘alá al-ghuṣūn tujlá
a451a7fc-c53f-462a-b3fc-4377bb588105,ma.1.5.1,Zejel,2216.9865529498607,2229.9849675018977,2108.5,2110.0,Bṭāyḥī,Brihi Orchestra,qad tahayya’at
a451a7fc-c53f-462a-b3fc-4377bb588105,ma.1.5.2,Zejel,2229.9849675018977,2251.8639110837285,2139.5,2140.5,Bṭāyḥī,Brihi Orchestra,bi-al-manẓar al-bahīj wal-nafaḥāt
a451a7fc-c53f-462a-b3fc-4377bb588105,in.1.1.1,Zejel,2308.2797735720565,2325.303016189608,2155.5,2156.5,Bṭāyḥī,Brihi Orchestra,nafsi (unknown)
a451a7fc-c53f-462a-b3fc-4377bb588105,in.1.1.2,Zejel,2325.303016189608,2334.3746125844877,2163.5,2188.5,Bṭāyḥī,Brihi Orchestra,'ashiyatan ya (unknown)
a451a7fc-c53f-462a-b3fc-4377bb588105,in.1.2.1,Zejel,2359.509095851606,2376.4203434519372,2203.5,2204.5,Bṭāyḥī,Brihi Orchestra,unknown
a451a7fc-c53f-462a-b3fc-4377bb588105,in.1.2.2,Zejel,2376.4203434519372,2383.9240096057265,2211.5,2236.5,Bṭāyḥī,Brihi Orchestra,unkown
a451a7fc-c53f-462a-b3fc-4377bb588105,in.1.3.1,Zejel,2409.122888480392,2425.5828186974836,2251.5,2252.5,Bṭāyḥī,Brihi Orchestra,unẓur ilá al-shams
a451a7fc-c53f-462a-b3fc-4377bb588105,in.1.3.2,Zejel,2425.5828186974836,2433.422469902935,2259.5,2260.5,Bṭāyḥī,Brihi Orchestra,kīf ‘awwalat ‘alá al-maghīb
a451a7fc-c53f-462a-b3fc-4377bb588105,in.1.4.1,Zejel,2433.422469902935,2440.3661609706205,2267.5,2276.5,Bṭāyḥī,Brihi Orchestra,shamsun ‘alá al-aghṣān
a451a7fc-c53f-462a-b3fc-4377bb588105,in.1.4.2,Zejel,2448.653792244955,2456.829428502069,2283.5,2284.5,Bṭāyḥī,Brihi Orchestra,fī thawbihā al-muza‘far
a451a7fc-c53f-462a-b3fc-4377bb588105,in.1.5.1,Zejel,2456.829428502069,2472.132246481276,2298.5,2298.75,Bṭāyḥī,Brihi Orchestra,taṣfar watatlawwan
a451a7fc-c53f-462a-b3fc-4377bb588105,in.1.5.2,Zejel,2472.132246481276,2479.352917327848,2307.5,2308.5,Bṭāyḥī,Brihi Orchestra,kālttibr aw kāljawhar
a451a7fc-c53f-462a-b3fc-4377bb588105,in.2.1.1,Zejel,2479.352917327848,2489.6330817290536,2318.5,2319.5,Bṭāyḥī,Brihi Orchestra,yā nqltin min tuffāḥ
a451a7fc-c53f-462a-b3fc-4377bb588105,in.2.1.2,Zejel,2489.6330817290536,2494.273454711419,2323.5,2324.5,Bṭāyḥī,Brihi Orchestra,fī al-bustān
a451a7fc-c53f-462a-b3fc-4377bb588105,in.2.1.3,Zejel,2494.273454711419,2503.951946931781,2334.5,2335.5,Bṭāyḥī,Brihi Orchestra,al-ward ḥīn yaftaḥ
a451a7fc-c53f-462a-b3fc-4377bb588105,in.2.1.4,Zejel,2503.951946931781,2508.459737828936,2339.5,2340.5,Bṭāyḥī,Brihi Orchestra,wayazyān
a451a7fc-c53f-462a-b3fc-4377bb588105,in.2.1.3(1),Zejel,2508.459737828936,2517.873065878877,2350.5,2351.5,Bṭāyḥī,Brihi Orchestra,al-ward ḥīn yaftaḥ
a451a7fc-c53f-462a-b3fc-4377bb588105,in.2.1.4(1),Zejel,2517.873065878877,2522.2482746908213,2355.5,2404.5,Bṭāyḥī,Brihi Orchestra,wayazyān
a451a7fc-c53f-462a-b3fc-4377bb588105,in.2.2.1,Zejel,2563.89476939376,2573.5732616141217,2414.5,2415.5,Bṭāyḥī,Brihi Orchestra,umzuj ku’ūs al-rāḥ
a451a7fc-c53f-462a-b3fc-4377bb588105,in.2.2.2,Zejel,2573.5732616141217,2578.0810525112765,2419.5,2420.5,Bṭāyḥī,Brihi Orchestra,kāl‘iqyān
a451a7fc-c53f-462a-b3fc-4377bb588105,in.2.2.3,Zejel,2578.0810525112765,2587.229216390797,2430.5,2431.5,Bṭāyḥī,Brihi Orchestra,wa‘ammir al-aqdāḥ
a451a7fc-c53f-462a-b3fc-4377bb588105,in.2.2.4,Zejel,2587.229216390797,2591.471843117531,2435.5,2436.5,Bṭāyḥī,Brihi Orchestra,lilnnudmān
a451a7fc-c53f-462a-b3fc-4377bb588105,in.2.2.3(1),Zejel,2591.471843117531,2600.3548428266304,2446.5,2447.5,Bṭāyḥī,Brihi Orchestra,wa‘ammir al-aqdāḥ
a451a7fc-c53f-462a-b3fc-4377bb588105,in.2.2.4(1),Zejel,2600.3548428266304,2604.3323053829436,2451.5,2500.5,Bṭāyḥī,Brihi Orchestra,lilnnudmān
a451a7fc-c53f-462a-b3fc-4377bb588105,in.2.3.1,Zejel,2645.432751798179,2654.873976025692,2510.5,2511.5,Bṭāyḥī,Brihi Orchestra,ishrab waṭib wāifraḥ
a451a7fc-c53f-462a-b3fc-4377bb588105,in.2.3.2,Zejel,2654.873976025692,2658.8514385820054,2515.5,2516.5,Bṭāyḥī,Brihi Orchestra,yā insān
a451a7fc-c53f-462a-b3fc-4377bb588105,in.2.3.3,Zejel,2658.8514385820054,2667.867020376315,2526.5,2527.5,Bṭāyḥī,Brihi Orchestra,bihā taṭīb al-arwāḥ
a451a7fc-c53f-462a-b3fc-4377bb588105,in.2.3.4,Zejel,2667.867020376315,2671.844482932628,2531.5,2532.5,Bṭāyḥī,Brihi Orchestra,fī al-abdān
a451a7fc-c53f-462a-b3fc-4377bb588105,in.2.4.1,Zejel,2671.844482932628,2680.594900556517,2542.5,2543.5,Bṭāyḥī,Brihi Orchestra,yā ayyuhā al-sāqī
a451a7fc-c53f-462a-b3fc-4377bb588105,in.2.4.2,Zejel,2680.594900556517,2684.9701093684616,2547.5,2564.5,Bṭāyḥī,Brihi Orchestra,adirhā
a451a7fc-c53f-462a-b3fc-4377bb588105,in.2.4.3,Zejel,2697.8796538160277,2707.027817695548,2574.5,2575.5,Bṭāyḥī,Brihi Orchestra,min khamrik al-bāqī
a451a7fc-c53f-462a-b3fc-4377bb588105,in.2.5.1,Zejel,2710.74011608144,2719.7556978757502,2590.5,2591.5,Bṭāyḥī,Brihi Orchestra,tajid jamī‘ al-azhār
a451a7fc-c53f-462a-b3fc-4377bb588105,in.2.5.2,Zejel,2719.7556978757502,2723.7331604320634,2595.5,2596.5,Bṭāyḥī,Brihi Orchestra,maḥtaflah
a451a7fc-c53f-462a-b3fc-4377bb588105,in.2.5.3,Zejel,2723.7331604320634,2732.6161601411627,2606.5,2607.5,Bṭāyḥī,Brihi Orchestra,wāqṭif jamī‘ al-anwār
a451a7fc-c53f-462a-b3fc-4377bb588105,in.2.5.4,Zejel,2732.6161601411627,2736.461040612265,2611.5,2612.5,Bṭāyḥī,Brihi Orchestra,bi-al-jumlah
a451a7fc-c53f-462a-b3fc-4377bb588105,in.2.5.3(1),Zejel,2736.461040612265,2744.946294065733,2622.5,2623.5,Bṭāyḥī,Brihi Orchestra,wāqṭif jamī‘ al-anwār
a451a7fc-c53f-462a-b3fc-4377bb588105,in.2.5.4(1),Zejel,2744.946294065733,2748.9237566220463,2627.5,2628.5,Bṭāyḥī,Brihi Orchestra,bi-al-jumlah
a451a7fc-c53f-462a-b3fc-4377bb588105,in.3.1.1,Zejel,2748.9237566220463,2758.311488095299,2640.5,2641.25,Bṭāyḥī,Brihi Orchestra,al-bustān nazīh muzawwaq
a451a7fc-c53f-462a-b3fc-4377bb588105,in.3.1.2,Zejel,2758.311488095299,2775.8123233430765,2663.5,2700.5,Bṭāyḥī,Brihi Orchestra,ayn ‘āshiq yaṣbar
a451a7fc-c53f-462a-b3fc-4377bb588105,in.3.2.1,Zejel,2802.5310541727927,2811.4285246673594,2712.5,2713.25,Bṭāyḥī,Brihi Orchestra,miskīn man yakūn ya‘shaq
a451a7fc-c53f-462a-b3fc-4377bb588105,in.3.2.2,Zejel,2811.4285246673594,2828.204547734767,2735.5,2772.5,Bṭāyḥī,Brihi Orchestra,māylū fī al-anām yu‘dhar
a451a7fc-c53f-462a-b3fc-4377bb588105,in.3.3.1,Zejel,2853.962951123551,2862.7894057889803,2784.5,2785.25,Bṭāyḥī,Brihi Orchestra,naḥlaf lak anā yā ‘ashīq
a451a7fc-c53f-462a-b3fc-4377bb588105,in.3.3.2,Zejel,2862.7894057889803,2871.1774173226845,2795.5,2796.5,Bṭāyḥī,Brihi Orchestra,mā nahwá malūl ghaddār
a451a7fc-c53f-462a-b3fc-4377bb588105,in.3.4.1,Zejel,2871.1774173226845,2879.4420757455987,2807.5,2820.5,Bṭāyḥī,Brihi Orchestra,lkn āsh bīdī na‘mal
a451a7fc-c53f-462a-b3fc-4377bb588105,in.3.4.2,Zejel,2896.588158145376,2905.2228759006593,2831.5,2832.5,Bṭāyḥī,Brihi Orchestra,qad shamamtanī zahrak
a451a7fc-c53f-462a-b3fc-4377bb588105,in.3.5.2,Zejel,2905.2228759006593,2920.8887209709596,2867.5,2868.5,Bṭāyḥī,Brihi Orchestra,wahw zahrun lā yusham
a451a7fc-c53f-462a-b3fc-4377bb588105,in.4.1.1,Zejel,2920.8887209709596,2926.1929047349195,2875.5,2877.0,Bṭāyḥī,Brihi Orchestra,idhā nadhkur al-‘ahd al-qadīm
a451a7fc-c53f-462a-b3fc-4377bb588105,in.4.1.2,Zejel,2926.1929047349195,2928.7833200615046,2880.5,2886.5,Bṭāyḥī,Brihi Orchestra,ma‘ al-nadīm
a451a7fc-c53f-462a-b3fc-4377bb588105,in.4.2.1,Zejel,2947.4109196213903,2952.978176013463,2908.5,2915.5,Bṭāyḥī,Brihi Orchestra,idhā yuqbil al-layl al-bahīm
a451a7fc-c53f-462a-b3fc-4377bb588105,in.4.2.2,Zejel,2952.978176013463,2955.6458197013308,2917.0,2926.5,Bṭāyḥī,Brihi Orchestra,nabqá nahīm
a451a7fc-c53f-462a-b3fc-4377bb588105,in.4.3.1,Zejel,2974.0873565000707,2979.780985384832,2948.5,2955.5,Bṭāyḥī,Brihi Orchestra,law kān al-ladhī nahwá fahīm
a451a7fc-c53f-462a-b3fc-4377bb588105,in.4.3.2,Zejel,2979.780985384832,2982.4486290727004,2957.0,2960.5,Bṭāyḥī,Brihi Orchestra,yakūn raḥīm
a451a7fc-c53f-462a-b3fc-4377bb588105,in.4.3.3,Zejel,2982.4486290727004,2986.972024891259,2961.0,2966.5,Bṭāyḥī,Brihi Orchestra,yabrá mā biyā min al-wulū‘
a451a7fc-c53f-462a-b3fc-4377bb588105,in.4.4.1,Zejel,2986.972024891259,2997.9905531672357,2968.5,2982.5,Bṭāyḥī,Brihi Orchestra,naṣbir ‘alá ṣabr al-kirām
a451a7fc-c53f-462a-b3fc-4377bb588105,in.4.4.2,Zejel,2997.9905531672357,3008.5474783089508,2985.0,2999.5,Bṭāyḥī,Brihi Orchestra,walā ‘alá ḥarr al-gharām
a451a7fc-c53f-462a-b3fc-4377bb588105,in.4.5.1,Zejel,3008.5474783089508,3013.7965682938725,3000.5,3007.5,Bṭāyḥī,Brihi Orchestra,‘aṭshān āittukhdh ‘aqlī rahīn
a451a7fc-c53f-462a-b3fc-4377bb588105,in.4.5.2,Zejel,3013.7965682938725,3016.3742643509363,3009.0,3012.5,Bṭāyḥī,Brihi Orchestra,wal-mā zulāl
a451a7fc-c53f-462a-b3fc-4377bb588105,in.4.5.3,Zejel,3016.3742643509363,3021.2621547819545,3013.0,3018.5,Bṭāyḥī,Brihi Orchestra,mā yubrī dā’ī ilā al-wiṣāl
a451a7fc-c53f-462a-b3fc-4377bb588105,in.5.1.1,Zejel,3021.2621547819545,3024.4392835621156,3020.5,3024.0,Bṭāyḥī,Brihi Orchestra,fī kull al-ghurūb
a451a7fc-c53f-462a-b3fc-4377bb588105,in.5.1.2,Zejel,3024.4392835621156,3026.611679309235,3024.5,3028.0,Bṭāyḥī,Brihi Orchestra,wakull al-‘ashīyih
a451a7fc-c53f-462a-b3fc-4377bb588105,in.5.1.3,Zejel,3026.611679309235,3032.0969785707107,3028.5,3036.5,Bṭāyḥī,Brihi Orchestra,law‘atī taẓhar
a451a7fc-c53f-462a-b3fc-4377bb588105,in.5.2.1,Zejel,3052.691054617963,3055.080689939794,3069.0,3071.5,Bṭāyḥī,Brihi Orchestra,nafná wanadhūb
a451a7fc-c53f-462a-b3fc-4377bb588105,in.5.2.2,Zejel,3055.080689939794,3058.0134241984047,3073.0,3076.0,Bṭāyḥī,Brihi Orchestra,wayaẓhar ‘alay wānā
a451a7fc-c53f-462a-b3fc-4377bb588105,in.5.2.3,Zejel,3058.0134241984047,3063.6073432472367,3076.5,3080.5,Bṭāyḥī,Brihi Orchestra,nahīm akthar
a451a7fc-c53f-462a-b3fc-4377bb588105,in.5.2.4,Zejel,3063.6073432472367,3068.386613890899,3086.0,3092.5,Bṭāyḥī,Brihi Orchestra,walā nu‘dhar
a451a7fc-c53f-462a-b3fc-4377bb588105,in.5.3.1,Zejel,3083.664992183765,3086.48910665502,3117.0,3119.5,Bṭāyḥī,Brihi Orchestra,mā hī āillā al-qulūb
a451a7fc-c53f-462a-b3fc-4377bb588105,in.5.3.2,Zejel,3086.48910665502,3089.4218409136306,3121.0,3124.5,Bṭāyḥī,Brihi Orchestra,āsh lī min janīyah
a451a7fc-c53f-462a-b3fc-4377bb588105,in.5.3.3,Zejel,3089.4218409136306,3095.0755339893904,3125.25,3132.5,Bṭāyḥī,Brihi Orchestra,waman yaṭīq yaṣbar
a451a7fc-c53f-462a-b3fc-4377bb588105,in.5.3.4,Zejel,3095.0755339893904,3099.366015589951,3134.0,3140.5,Bṭāyḥī,Brihi Orchestra,‘alá shamsin taṣfar
a451a7fc-c53f-462a-b3fc-4377bb588105,in.5.4.1,Zejel,3099.366015589951,3104.488745688237,3141.25,3148.5,Bṭāyḥī,Brihi Orchestra,ifn yā shams āifn
a451a7fc-c53f-462a-b3fc-4377bb588105,in.5.4.2,Zejel,3109.593875693967,3114.6261899438578,3157.25,3164.5,Bṭāyḥī,Brihi Orchestra,riqqī wazid ma‘ná
a451a7fc-c53f-462a-b3fc-4377bb588105,in.5.5.1,Zejel,3114.6261899438578,3117.3171107859416,3165.0,3168.5,Bṭāyḥī,Brihi Orchestra,ukhruj bukrá wāi‘jal
a451a7fc-c53f-462a-b3fc-4377bb588105,in.5.5.2,Zejel,3117.3171107859416,3120.0326054698407,3169.0,3172.5,Bṭāyḥī,Brihi Orchestra,tará awrāq al-jinān
a451a7fc-c53f-462a-b3fc-4377bb588105,in.5.5.3,Zejel,3120.0326054698407,3125.029115688215,3173.25,3180.5,Bṭāyḥī,Brihi Orchestra,al-jinān marshūsh
a451a7fc-c53f-462a-b3fc-4377bb588105,in.5.5.4,Zejel,3125.029115688215,3129.754076438199,3182.0,3188.5,Bṭāyḥī,Brihi Orchestra,mufaḍḍaḍ wamudhahhab
a451a7fc-c53f-462a-b3fc-4377bb588105,in.6.1.1,Zejel,3129.754076438199,3132.4053526849552,3189.0,3192.5,Bṭāyḥī,Brihi Orchestra,yā lahā ‘ashīyah
a451a7fc-c53f-462a-b3fc-4377bb588105,in.6.1.2,Zejel,3132.4053526849552,3134.7406781131085,3193.0,3196.5,Bṭāyḥī,Brihi Orchestra,ṣafrah mudhhabīyah
a451a7fc-c53f-462a-b3fc-4377bb588105,in.6.1.3,Zejel,3134.7406781131085,3137.0216936475836,3197.0,3200.5,Bṭāyḥī,Brihi Orchestra,tuhayyij mā biyā
a451a7fc-c53f-462a-b3fc-4377bb588105,in.6.1.4,Zejel,3137.0216936475836,3143.756120463653,3211.5,3237.0,Bṭāyḥī,Brihi Orchestra,nār āshtiyāq
a451a7fc-c53f-462a-b3fc-4377bb588105,in.6.2.1,Zejel,3159.2887500555553,3162.232110657465,3240.5,3241.0,Bṭāyḥī,Brihi Orchestra,fī jlsh bahīyah
a451a7fc-c53f-462a-b3fc-4377bb588105,in.6.2.2,Zejel,3162.232110657465,3164.78467566033,3244.5,3245.0,Bṭāyḥī,Brihi Orchestra,warutbah ‘alīyah
a451a7fc-c53f-462a-b3fc-4377bb588105,in.6.2.3,Zejel,3164.78467566033,3167.120001088483,3248.5,3259.5,Bṭāyḥī,Brihi Orchestra,wanaghmah dhakīyah
a451a7fc-c53f-462a-b3fc-4377bb588105,in.6.3.1,Zejel,3189.1155080280646,3191.9939323929975,3285.0,3288.5,Bṭāyḥī,Brihi Orchestra,tāllah yā ‘ashīyah
a451a7fc-c53f-462a-b3fc-4377bb588105,in.6.3.2,Zejel,3191.9939323929975,3194.220638033795,3289.0,3292.5,Bṭāyḥī,Brihi Orchestra,lā ta‘jal ‘alay
a451a7fc-c53f-462a-b3fc-4377bb588105,in.6.3.3,Zejel,3194.220638033795,3196.555963461948,3293.0,3296.5,Bṭāyḥī,Brihi Orchestra,naghnam al-ḥumayyah
a451a7fc-c53f-462a-b3fc-4377bb588105,in.6.3.4,Zejel,3196.555963461948,3203.4533199590514,3297.0,3307.5,Bṭāyḥī,Brihi Orchestra,‘ind al-talāq
a451a7fc-c53f-462a-b3fc-4377bb588105,in.6.4.1,Zejel,3203.4533199590514,3208.636427930667,3309.0,3331.5,Bṭāyḥī,Brihi Orchestra,baynanā yadūr ka’s al-mudām
a451a7fc-c53f-462a-b3fc-4377bb588105,in.6.4.2,Zejel,3208.636427930667,3214.719136022601,3333.0,3338.5,Bṭāyḥī,Brihi Orchestra,mā thamm ‘itāb walā malām
8842c1f0-e261-4069-bd59-768bb9a3315c,mu.1.1.1,Qasida,204.33714890141516,217.262966627411,261.0,271.5,Bṭāyḥī,Brihi Orchestra,wa‘ashīyatin lā zilt arqub waqtahā
8842c1f0-e261-4069-bd59-768bb9a3315c,mu.1.1.2,Qasida,217.262966627411,240.90466562941384,273.0,295.5,Bṭāyḥī,Brihi Orchestra,samaḥat bihā al-īyām ba‘d ta‘adhdhur
8842c1f0-e261-4069-bd59-768bb9a3315c,mu.1.2.1,Qasida,278.1543446316057,290.928591919121,333.0,343.5,Bṭāyḥī,Brihi Orchestra,nilnā bihā kull al-muná fī rawḍatin
8842c1f0-e261-4069-bd59-768bb9a3315c,mu.1.2.2,Qasida,290.928591919121,315.4040236337975,345.0,367.5,Bṭāyḥī,Brihi Orchestra,tuhdī lināshiqihā shamīm al-‘anbar
8842c1f0-e261-4069-bd59-768bb9a3315c,mu.2.1.1,Barwala,315.4040236337975,327.0629905201282,368.5,379.5,Bṭāyḥī,Brihi Orchestra,ṣfart al-‘shī mā āibda‘ ḥusn ābhāhā
8842c1f0-e261-4069-bd59-768bb9a3315c,mu.2.1.2,Barwala,327.0629905201282,343.18344526255083,380.5,394.5,Bṭāyḥī,Brihi Orchestra,ksāt al-riyāḍ bḥullah
8842c1f0-e261-4069-bd59-768bb9a3315c,mu.2.2.1,Barwala,372.85691836599176,385.0327605431821,424.5,435.5,Bṭāyḥī,Brihi Orchestra,hwāt lilghrūb wmālt fiī smāhā
8842c1f0-e261-4069-bd59-768bb9a3315c,mu.2.2.2,Barwala,385.0327605431821,401.2676904863076,436.5,450.5,Bṭāyḥī,Brihi Orchestra,minhā khṭrī fī dhahlatin
8842c1f0-e261-4069-bd59-768bb9a3315c,mu.2.3.1,Barwala,430.6254883439672,443.61105662342874,480.5,491.5,Bṭāyḥī,Brihi Orchestra,ghaddr ṭāstī yā sāqī wāmlāhā
8842c1f0-e261-4069-bd59-768bb9a3315c,mu.2.3.2,Barwala,443.61105662342874,459.97206203636614,492.5,506.5,Bṭāyḥī,Brihi Orchestra,naghnam ‘shīytī natsalā
8842c1f0-e261-4069-bd59-768bb9a3315c,mu.2.4.1,Barwala,459.97206203636614,468.15256474283484,508.0,514.5,Bṭāyḥī,Brihi Orchestra,shams al-ghrūb lāḥt ṣafrah
8842c1f0-e261-4069-bd59-768bb9a3315c,mu.2.4.2,Barwala,468.15256474283484,476.7140742280351,516.5,522.5,Bṭāyḥī,Brihi Orchestra,wāldāj ḥāzhā wāhdāhā
8842c1f0-e261-4069-bd59-768bb9a3315c,mu.2.5.1,Barwala,493.26860460600574,502.1327286165864,540.0,546.5,Bṭāyḥī,Brihi Orchestra,khalāt al-‘shīq fī ḥasrah
8842c1f0-e261-4069-bd59-768bb9a3315c,mu.2.5.2,Barwala,502.1327286165864,510.4729055010859,548.5,554.5,Bṭāyḥī,Brihi Orchestra,bjmālhā wḥusn bhāhā
8842c1f0-e261-4069-bd59-768bb9a3315c,mu.2.6.1,Barwala,527.0458559046035,535.3177867654688,572.0,578.5,Bṭāyḥī,Brihi Orchestra,ghaddar yā ndīm al-khamrah
8842c1f0-e261-4069-bd59-768bb9a3315c,mu.2.6.2,Barwala,535.3177867654688,543.0352421489298,580.5,586.5,Bṭāyḥī,Brihi Orchestra,nghnam m‘ al-mlīḥ nzāhah
8842c1f0-e261-4069-bd59-768bb9a3315c,mu.2.7.1,Barwala,543.0352421489298,556.0416681266356,588.5,599.5,Bṭāyḥī,Brihi Orchestra,washshat lbsātn bsh‘ā‘ snāhā
8842c1f0-e261-4069-bd59-768bb9a3315c,mu.2.7.2,Barwala,556.0416681266356,572.8141661061491,600.5,614.5,Bṭāyḥī,Brihi Orchestra,wābqāt nāḥlah fī khajlah
8842c1f0-e261-4069-bd59-768bb9a3315c,mu.2.8.1,Barwala,601.9763980747085,614.7243420075756,644.5,655.5,Bṭāyḥī,Brihi Orchestra,ka’annhā ‘rūsah brzt fī ḥlāhā
8842c1f0-e261-4069-bd59-768bb9a3315c,mu.2.8.2,Barwala,614.7243420075756,631.1008193172901,656.5,670.5,Bṭāyḥī,Brihi Orchestra,btāj mn dhhab fī ḥullah
8842c1f0-e261-4069-bd59-768bb9a3315c,mu.2.9.1,Barwala,659.8272666833872,672.3110489812335,700.5,711.5,Bṭāyḥī,Brihi Orchestra,ghaddr ṭāstī yā sāqī wāmlāhā
8842c1f0-e261-4069-bd59-768bb9a3315c,mu.2.9.2,Barwala,672.3110489812335,689.1351017171785,712.5,726.5,Bṭāyḥī,Brihi Orchestra,naghnam ‘shīytī natsalā
8842c1f0-e261-4069-bd59-768bb9a3315c,mu.2.10.1,Barwala,689.1351017171785,697.0069062083088,728.0,734.5,Bṭāyḥī,Brihi Orchestra,unẓur ll‘shyā yā ṣāḥ
8842c1f0-e261-4069-bd59-768bb9a3315c,mu.2.10.2,Barwala,697.0069062083088,705.7580149445645,736.5,742.5,Bṭāyḥī,Brihi Orchestra,man law‘at al-ghirām āṣfārt
8842c1f0-e261-4069-bd59-768bb9a3315c,mu.2.11.1,Barwala,722.1574115602624,730.7305607670692,760.0,766.5,Bṭāyḥī,Brihi Orchestra,khaṭift bishu‘ā‘ mlāḥī
8842c1f0-e261-4069-bd59-768bb9a3315c,mu.2.11.2,Barwala,730.7305607670692,739.0937802177659,768.5,774.5,Bṭāyḥī,Brihi Orchestra,waksāt al-buṭāḥ wanārat
8842c1f0-e261-4069-bd59-768bb9a3315c,mu.2.12.1,Barwala,755.6706434469842,764.16547545083,792.0,798.5,Bṭāyḥī,Brihi Orchestra,mlā wazayd ghddr al-rāḥ
8842c1f0-e261-4069-bd59-768bb9a3315c,mu.2.12.2,Barwala,764.16547545083,771.7285817266218,800.5,806.5,Bṭāyḥī,Brihi Orchestra,ammā turá al-‘shyā sārrat
8842c1f0-e261-4069-bd59-768bb9a3315c,mu.2.13.1,Barwala,771.7285817266218,784.539557663167,808.5,819.5,Bṭāyḥī,Brihi Orchestra,sārrat ‘alá al-dūāḥ tasallay man rāhā
8842c1f0-e261-4069-bd59-768bb9a3315c,mu.2.13.2,Barwala,784.539557663167,801.4610414126511,820.5,834.5,Bṭāyḥī,Brihi Orchestra,wal-zahr fī al-ghuṣūn ta‘lá
8842c1f0-e261-4069-bd59-768bb9a3315c,mu.2.14.1,Barwala,830.6098525494046,842.7092129141245,864.5,875.5,Bṭāyḥī,Brihi Orchestra,wal-yāsamīn tuḥayyī binasīm shadhāihā
8842c1f0-e261-4069-bd59-768bb9a3315c,mu.2.14.2,Barwala,842.7092129141245,859.3656109821744,876.5,890.5,Bṭāyḥī,Brihi Orchestra,wal-ward al-bahīj fī ṣawlih
8842c1f0-e261-4069-bd59-768bb9a3315c,mu.2.15.1,Barwala,888.3749670776755,900.8155912978792,920.5,931.5,Bṭāyḥī,Brihi Orchestra,ghaddr ṭāstī yā sāqī wāmlāhā
8842c1f0-e261-4069-bd59-768bb9a3315c,mu.2.15.2,Barwala,900.8155912978792,917.3309458184857,932.5,946.5,Bṭāyḥī,Brihi Orchestra,naghnam ‘shīytī natsalā
8842c1f0-e261-4069-bd59-768bb9a3315c,mu.2.16.1,Barwala,917.3309458184857,925.6657976326236,948.0,954.5,Bṭāyḥī,Brihi Orchestra,mā abda‘ al-rīāḍ al-bāhī
8842c1f0-e261-4069-bd59-768bb9a3315c,mu.2.16.2,Barwala,925.6657976326236,934.3998290679431,956.5,962.5,Bṭāyḥī,Brihi Orchestra,bmḥāsnūā wamaḥāsin āsrārūā
8842c1f0-e261-4069-bd59-768bb9a3315c,mu.2.17.1,Barwala,950.3916678263354,959.1895669634808,980.5,986.5,Bṭāyḥī,Brihi Orchestra,wal-aghṣān kull ghuṣn yuḍāhī
8842c1f0-e261-4069-bd59-768bb9a3315c,mu.2.17.2,Barwala,959.1895669634808,967.5076551545259,988.5,994.5,Bṭāyḥī,Brihi Orchestra,yusarrī binasamaātin āzhārūā ?
8842c1f0-e261-4069-bd59-768bb9a3315c,mu.2.18.1,Barwala,984.327826640081,992.9176567089829,1012.0,1018.5,Bṭāyḥī,Brihi Orchestra,wakawākib al-nujūm tubāhī
8842c1f0-e261-4069-bd59-768bb9a3315c,mu.2.18.2,Barwala,992.9176567089829,1000.9438103077823,1020.5,1026.5,Bṭāyḥī,Brihi Orchestra,man kull naw‘ fātiḥ āzhārūā
8842c1f0-e261-4069-bd59-768bb9a3315c,mu.2.19.1,Barwala,1000.9438103077823,1013.1373898136507,1028.5,1039.5,Bṭāyḥī,Brihi Orchestra,wālāshjār k‘rāys baruzt fī ḥallāhā
8842c1f0-e261-4069-bd59-768bb9a3315c,mu.2.19.2,Barwala,1013.1373898136507,1029.8443174071215,1040.5,1054.5,Bṭāyḥī,Brihi Orchestra,fī ghāyat al-bhā fī ḥallah
8842c1f0-e261-4069-bd59-768bb9a3315c,mu.2.20.1,Barwala,1058.9998243760172,1071.7678747942443,1084.5,1095.5,Bṭāyḥī,Brihi Orchestra,al-āṭyār fawqahum tasbaḥ limawwalāhā
8842c1f0-e261-4069-bd59-768bb9a3315c,mu.2.20.2,Barwala,1071.7678747942443,1088.0419469878957,1096.5,1110.5,Bṭāyḥī,Brihi Orchestra,jull al-karīm na‘am al-mawlá
8842c1f0-e261-4069-bd59-768bb9a3315c,mu.2.21.1,Barwala,1117.4786636570007,1129.3656697347583,1140.5,1151.5,Bṭāyḥī,Brihi Orchestra,ghaddr ṭāstī yā sāqī wāmlāhā
8842c1f0-e261-4069-bd59-768bb9a3315c,mu.2.21.2,Barwala,1129.3656697347583,1146.3251791498947,1152.5,1166.5,Bṭāyḥī,Brihi Orchestra,naghnam ‘shīytī natsalā
8842c1f0-e261-4069-bd59-768bb9a3315c,mu.3.1.1,Zejel,1146.3251791498947,1158.4699390302976,1168.5,1179.5,Bṭāyḥī,Brihi Orchestra,ṣaffifūā al-qiṭ‘ān wazīdūā
8842c1f0-e261-4069-bd59-768bb9a3315c,mu.3.1.2,Zejel,1158.4699390302976,1183.2591829063053,1180.5,1202.5,Bṭāyḥī,Brihi Orchestra,naghnam hādh al-‘ashīyah
8842c1f0-e261-4069-bd59-768bb9a3315c,mu.3.2.1,Zejel,1219.0675740747602,1230.8808131203143,1240.5,1251.5,Bṭāyḥī,Brihi Orchestra,kullunā ka’suh bīduh
8842c1f0-e261-4069-bd59-768bb9a3315c,mu.3.2.2,Zejel,1230.8808131203143,1255.054552093827,1252.5,1274.5,Bṭāyḥī,Brihi Orchestra,yaghtanim sā‘ah hanīyah
8842c1f0-e261-4069-bd59-768bb9a3315c,mu.3.3.1,Zejel,1289.620991506878,1300.9853209687778,1312.5,1323.5,Bṭāyḥī,Brihi Orchestra,wal-malīḥ qalbī yurīduh
8842c1f0-e261-4069-bd59-768bb9a3315c,mu.3.3.2,Zejel,1300.9853209687778,1312.8702022593077,1324.5,1335.5,Bṭāyḥī,Brihi Orchestra,yanshariḥ bayn yadayyā
8842c1f0-e261-4069-bd59-768bb9a3315c,mu.3.4.1,Zejel,1312.8702022593077,1348.6763579122355,1336.5,1370.5,Bṭāyḥī,Brihi Orchestra,wal-qaṭī‘ baynay wabaynuh
8842c1f0-e261-4069-bd59-768bb9a3315c,mu.3.5.1,Zejel,1348.6763579122355,1360.727379104213,1372.5,1383.5,Bṭāyḥī,Brihi Orchestra,qarribūā ḥibbī ilay
8842c1f0-e261-4069-bd59-768bb9a3315c,mu.3.5.2,Zejel,1360.727379104213,1384.5743162391072,1384.5,1406.5,Bṭāyḥī,Brihi Orchestra,wāi‘ṭifūā ‘aṭf al-ḥawāshī
8842c1f0-e261-4069-bd59-768bb9a3315c,mu.4.1.1,Barwala,1384.5743162391072,1388.6079462470402,1408.5,1410.5,Bṭāyḥī,Brihi Orchestra,āman lām
8842c1f0-e261-4069-bd59-768bb9a3315c,mu.4.1.2,Barwala,1388.6079462470402,1396.4797507381704,1411.5,1419.5,Bṭāyḥī,Brihi Orchestra,lā tzīd fī al-lawm klām
8842c1f0-e261-4069-bd59-768bb9a3315c,mu.4.1.3,Barwala,1396.4797507381704,1400.4156529837355,1420.5,1422.5,Bṭāyḥī,Brihi Orchestra,al-‘alām
8842c1f0-e261-4069-bd59-768bb9a3315c,mu.4.1.4,Barwala,1400.4156529837355,1408.2102829210312,1423.5,1431.5,Bṭāyḥī,Brihi Orchestra,bi-al-ghyūb yadrī ḥālī
8842c1f0-e261-4069-bd59-768bb9a3315c,mu.4.1.3(1),Barwala,1408.2102829210312,1412.3643821169426,1432.5,1434.5,Bṭāyḥī,Brihi Orchestra,al-‘alām
8842c1f0-e261-4069-bd59-768bb9a3315c,mu.4.1.4(1),Barwala,1412.3643821169426,1420.4174334519919,1435.5,1442.5,Bṭāyḥī,Brihi Orchestra,bi-al-ghyūb yadrī ḥālī
8842c1f0-e261-4069-bd59-768bb9a3315c,mu.4.2.1,Barwala,1457.1394670090747,1460.037200412696,1481.5,1482.5,Bṭāyḥī,Brihi Orchestra,bayyan lī
8842c1f0-e261-4069-bd59-768bb9a3315c,mu.4.2.2,Barwala,1460.037200412696,1468.14052856533,1484.5,1491.5,Bṭāyḥī,Brihi Orchestra,mā ḥīltī mā ‘amlī
8842c1f0-e261-4069-bd59-768bb9a3315c,mu.4.2.3,Barwala,1468.14052856533,1471.8449071493912,1493.5,1494.5,Bṭāyḥī,Brihi Orchestra,waqul lī
8842c1f0-e261-4069-bd59-768bb9a3315c,mu.4.2.4,Barwala,1471.8449071493912,1479.9482353020253,1496.5,1503.5,Bṭāyḥī,Brihi Orchestra,mā rīt mithlak sālī
8842c1f0-e261-4069-bd59-768bb9a3315c,mu.4.2.3(1),Barwala,1479.9482353020253,1483.6981531397923,1505.5,1506.5,Bṭāyḥī,Brihi Orchestra,waqul lī
8842c1f0-e261-4069-bd59-768bb9a3315c,mu.4.2.4(1),Barwala,1483.6981531397923,1492.6259519120376,1508.5,1514.5,Bṭāyḥī,Brihi Orchestra,mā rīt mithlak sālī
8842c1f0-e261-4069-bd59-768bb9a3315c,mu.4.3.1,Barwala,1529.4950271358953,1532.3448217535868,1553.5,1554.5,Bṭāyḥī,Brihi Orchestra,tayyamnī
8842c1f0-e261-4069-bd59-768bb9a3315c,mu.4.3.2,Barwala,1532.3448217535868,1539.9079280293786,1556.5,1563.5,Bṭāyḥī,Brihi Orchestra,hādh al-hwá wānḥalnī
8842c1f0-e261-4069-bd59-768bb9a3315c,mu.4.3.3,Barwala,1539.9079280293786,1543.8438302749437,1565.5,1566.5,Bṭāyḥī,Brihi Orchestra,wāj‘alnī
8842c1f0-e261-4069-bd59-768bb9a3315c,mu.4.3.4,Barwala,1543.8438302749437,1551.715634766074,1568.5,1575.5,Bṭāyḥī,Brihi Orchestra,nanẓam dūn āhwālī
8842c1f0-e261-4069-bd59-768bb9a3315c,mu.4.4.1,Barwala,1551.715634766074,1555.4200133501352,1577.5,1578.5,Bṭāyḥī,Brihi Orchestra,thalth snīn
8842c1f0-e261-4069-bd59-768bb9a3315c,mu.4.4.2,Barwala,1555.4200133501352,1564.5517350230143,1580.5,1587.5,Bṭāyḥī,Brihi Orchestra,wānā narjāk tlīn
8842c1f0-e261-4069-bd59-768bb9a3315c,mu.4.4.3,Barwala,1576.9950479110664,1580.275257965176,1601.5,1602.5,Bṭāyḥī,Brihi Orchestra,yā muqnīn
8842c1f0-e261-4069-bd59-768bb9a3315c,mu.4.4.4,Barwala,1580.275257965176,1588.0698879024717,1604.5,1610.5,Bṭāyḥī,Brihi Orchestra,mā lak āmna‘t wṣālī
8842c1f0-e261-4069-bd59-768bb9a3315c,mu.4.5.1,Barwala,1588.0698879024717,1592.1601392557059,1613.5,1614.5,Bṭāyḥī,Brihi Orchestra,jā ḥālī
8842c1f0-e261-4069-bd59-768bb9a3315c,mu.4.5.2,Barwala,1592.1601392557059,1600.649340177513,1616.5,1623.5,Bṭāyḥī,Brihi Orchestra,mat‘ūb fī tirḥālī
8842c1f0-e261-4069-bd59-768bb9a3315c,mu.4.5.3,Barwala,1600.649340177513,1604.5852424230782,1625.5,1626.5,Bṭāyḥī,Brihi Orchestra,yā khālī
8842c1f0-e261-4069-bd59-768bb9a3315c,mu.4.5.4,Barwala,1604.5852424230782,1612.7657451295468,1628.5,1635.5,Bṭāyḥī,Brihi Orchestra,mn hādh al-ghrām āiṣgh lī
8842c1f0-e261-4069-bd59-768bb9a3315c,mu.4.5.3(1),Barwala,1612.7657451295468,1616.4112859499871,1637.5,1638.5,Bṭāyḥī,Brihi Orchestra,yā khālī
8842c1f0-e261-4069-bd59-768bb9a3315c,mu.4.5.4(1),Barwala,1616.4112859499871,1624.4100417451066,1640.5,1646.5,Bṭāyḥī,Brihi Orchestra,mn hādh al-ghrām āiṣgh lī
8842c1f0-e261-4069-bd59-768bb9a3315c,in.1.1.1,Zejel,2047.0864365483324,2062.852255079551,1652.5,1667.5,Bṭāyḥī,Brihi Orchestra,ighnam muná al-nafs
8842c1f0-e261-4069-bd59-768bb9a3315c,in.1.1.2,Zejel,2062.852255079551,2071.258543182362,1668.5,1675.5,Bṭāyḥī,Brihi Orchestra,ashiyatan
8842c1f0-e261-4069-bd59-768bb9a3315c,in.1.2.1,Zejel,2094.5424508889296,2109.616022697584,1700.5,1715.5,Bṭāyḥī,Brihi Orchestra,ma‘ shādin al-uns
8842c1f0-e261-4069-bd59-768bb9a3315c,in.1.2.2,Zejel,2109.616022697584,2117.7685120066403,1716.5,1723.5,Bṭāyḥī,Brihi Orchestra,bayn al-muḥibb wal-ḥabīb
8842c1f0-e261-4069-bd59-768bb9a3315c,in.1.3.1,Zejel,2139.995904644912,2154.857587252131,1748.5,1763.5,Bṭāyḥī,Brihi Orchestra,unẓur ilá al-shams
8842c1f0-e261-4069-bd59-768bb9a3315c,in.1.3.2,Zejel,2154.857587252131,2162.51630678814,1764.5,1771.5,Bṭāyḥī,Brihi Orchestra,kīf ‘awwalat ‘alá al-maghīb
8842c1f0-e261-4069-bd59-768bb9a3315c,in.1.4.1,Zejel,2162.51630678814,2169.714649104033,1772.5,1779.5,Bṭāyḥī,Brihi Orchestra,shamsun ‘alá al-aghṣān
8842c1f0-e261-4069-bd59-768bb9a3315c,in.1.4.2,Zejel,2177.1278231921287,2184.330398670491,1788.5,1795.5,Bṭāyḥī,Brihi Orchestra,fī thawbihā al-muza‘far
8842c1f0-e261-4069-bd59-768bb9a3315c,in.1.5.1,Zejel,2184.330398670491,2198.6215754208797,1796.5,1811.5,Bṭāyḥī,Brihi Orchestra,taṣfar watatlawwan
8842c1f0-e261-4069-bd59-768bb9a3315c,in.1.5.2,Zejel,2198.6215754208797,2205.7634093517336,1812.5,1819.5,Bṭāyḥī,Brihi Orchestra,-
8842c1f0-e261-4069-bd59-768bb9a3315c,in.2.1.1,Zejel,2205.7634093517336,2214.6391020731885,1820.5,1830.5,Bṭāyḥī,Brihi Orchestra,yā nqltin min tuffāḥ
8842c1f0-e261-4069-bd59-768bb9a3315c,in.2.1.2,Zejel,2214.6391020731885,2218.5271314581405,1831.5,1835.5,Bṭāyḥī,Brihi Orchestra,fī al-bustān
8842c1f0-e261-4069-bd59-768bb9a3315c,in.2.1.3,Zejel,2218.5271314581405,2227.065660750984,1836.5,1846.5,Bṭāyḥī,Brihi Orchestra,al-ward ḥīn yaftaḥ
8842c1f0-e261-4069-bd59-768bb9a3315c,in.2.1.4,Zejel,2227.065660750984,2230.861118007723,1847.5,1851.5,Bṭāyḥī,Brihi Orchestra,wayazyān
8842c1f0-e261-4069-bd59-768bb9a3315c,in.2.1.3(1),Zejel,2230.861118007723,2239.748042316184,1852.5,1862.5,Bṭāyḥī,Brihi Orchestra,al-ward ḥīn yaftaḥ
8842c1f0-e261-4069-bd59-768bb9a3315c,in.2.1.4(1),Zejel,2239.748042316184,2243.6684253576564,1863.5,1867.5,Bṭāyḥī,Brihi Orchestra,wayazyān
8842c1f0-e261-4069-bd59-768bb9a3315c,in.2.2.1,Zejel,2281.752301916224,2290.565897291232,1916.5,1926.5,Bṭāyḥī,Brihi Orchestra,umzuj ku’ūs al-rāḥ
8842c1f0-e261-4069-bd59-768bb9a3315c,in.2.2.2,Zejel,2290.565897291232,2294.453926676184,1927.5,1931.5,Bṭāyḥī,Brihi Orchestra,kāl‘iqyān
8842c1f0-e261-4069-bd59-768bb9a3315c,in.2.2.3,Zejel,2294.453926676184,2302.739965174472,1932.5,1942.5,Bṭāyḥī,Brihi Orchestra,wa‘ammir al-aqdāḥ
8842c1f0-e261-4069-bd59-768bb9a3315c,in.2.2.4,Zejel,2302.739965174472,2307.1000967537307,1943.5,1947.5,Bṭāyḥī,Brihi Orchestra,lilnnudmān
8842c1f0-e261-4069-bd59-768bb9a3315c,in.2.2.3(1),Zejel,2307.1000967537307,2315.3390161647,1948.5,1958.5,Bṭāyḥī,Brihi Orchestra,wa‘ammir al-aqdāḥ
8842c1f0-e261-4069-bd59-768bb9a3315c,in.2.2.4(1),Zejel,2315.3390161647,2319.864828443846,1959.5,1963.5,Bṭāyḥī,Brihi Orchestra,lilnnudmān
8842c1f0-e261-4069-bd59-768bb9a3315c,in.2.3.1,Zejel,2356.4775339073367,2364.764045802586,2012.5,2022.5,Bṭāyḥī,Brihi Orchestra,ishrab waṭib wāifraḥ
8842c1f0-e261-4069-bd59-768bb9a3315c,in.2.3.2,Zejel,2364.764045802586,2368.559503059325,2023.5,2027.5,Bṭāyḥī,Brihi Orchestra,yā insān
8842c1f0-e261-4069-bd59-768bb9a3315c,in.2.3.3,Zejel,2368.559503059325,2376.520706085655,2028.5,2038.5,Bṭāyḥī,Brihi Orchestra,bihā taṭīb al-arwāḥ
8842c1f0-e261-4069-bd59-768bb9a3315c,in.2.3.4,Zejel,2376.520706085655,2380.50130759882,2039.5,2043.5,Bṭāyḥī,Brihi Orchestra,fī al-abdān
8842c1f0-e261-4069-bd59-768bb9a3315c,in.2.4.1,Zejel,2380.50130759882,2388.1847942405107,2044.5,2054.5,Bṭāyḥī,Brihi Orchestra,yā ayyuhā al-sāqī
8842c1f0-e261-4069-bd59-768bb9a3315c,in.2.4.2,Zejel,2388.1847942405107,2392.5793499758674,2055.5,2059.5,Bṭāyḥī,Brihi Orchestra,adirhā
8842c1f0-e261-4069-bd59-768bb9a3315c,in.2.4.3,Zejel,2405.117220416658,2412.351117843415,2076.5,2086.5,Bṭāyḥī,Brihi Orchestra,min khamrik al-bāqī
8842c1f0-e261-4069-bd59-768bb9a3315c,in.2.4.4,Zejel,2412.351117843415,2416.60943574122,2087.5,2091.5,Bṭāyḥī,Brihi Orchestra,umzajhā
8842c1f0-e261-4069-bd59-768bb9a3315c,in.2.5.1,Zejel,2416.60943574122,2424.29292238291,2092.5,2102.5,Bṭāyḥī,Brihi Orchestra,tajid jamī‘ al-azhār
8842c1f0-e261-4069-bd59-768bb9a3315c,in.2.5.2,Zejel,2424.29292238291,2427.995807511436,2103.5,2107.5,Bṭāyḥī,Brihi Orchestra,maḥtaflah
8842c1f0-e261-4069-bd59-768bb9a3315c,in.2.5.3,Zejel,2427.995807511436,2435.401577768487,2108.5,2118.5,Bṭāyḥī,Brihi Orchestra,wāqṭif jamī‘ al-anwār
8842c1f0-e261-4069-bd59-768bb9a3315c,in.2.5.4,Zejel,2435.401577768487,2438.852805125671,2119.5,2123.5,Bṭāyḥī,Brihi Orchestra,bi-al-jumlah
8842c1f0-e261-4069-bd59-768bb9a3315c,in.2.5.3(1),Zejel,2438.852805125671,2446.3511475109353,2124.5,2134.5,Bṭāyḥī,Brihi Orchestra,wāqṭif jamī‘ al-anwār
8842c1f0-e261-4069-bd59-768bb9a3315c,in.2.5.4(1),Zejel,2446.3511475109353,2449.9272762501555,2135.5,2139.5,Bṭāyḥī,Brihi Orchestra,bi-al-jumlah
8842c1f0-e261-4069-bd59-768bb9a3315c,in.3.1.1,Zejel,2449.9272762501555,2455.186709318112,2380.5,2387.5,Bṭāyḥī,Brihi Orchestra,idhā nadhkur al-‘ahd al-qadīm
8842c1f0-e261-4069-bd59-768bb9a3315c,in.3.1.2,Zejel,2455.186709318112,2458.1490174209325,2389.0,2392.5,Bṭāyḥī,Brihi Orchestra,ma‘ al-nadīm
8842c1f0-e261-4069-bd59-768bb9a3315c,in.3.1.3,Zejel,2458.1490174209325,2463.055340216229,2393.0,2398.5,Bṭāyḥī,Brihi Orchestra,tash‘al jimārī bayn al-ḍulū‘
8842c1f0-e261-4069-bd59-768bb9a3315c,in.3.2.1,Zejel,2476.562765452838,2482.0267170395327,2420.5,2427.5,Bṭāyḥī,Brihi Orchestra,idhā yuqbil al-layl al-bahīm
8842c1f0-e261-4069-bd59-768bb9a3315c,in.3.2.2,Zejel,2482.0267170395327,2485.6370300398453,2429.0,2432.5,Bṭāyḥī,Brihi Orchestra,nabqá nahīm
8842c1f0-e261-4069-bd59-768bb9a3315c,in.3.2.3,Zejel,2485.6370300398453,2490.4146037270502,2433.0,2438.5,Bṭāyḥī,Brihi Orchestra,tajrī ‘alá ashfārī al-dumū‘
8842c1f0-e261-4069-bd59-768bb9a3315c,in.3.4.1,Zejel,2517.2091238998014,2528.2252071571647,2480.5,2494.5,Bṭāyḥī,Brihi Orchestra,naṣbir ‘alá ṣabr al-kirām
8842c1f0-e261-4069-bd59-768bb9a3315c,in.3.4.2,Zejel,2528.2252071571647,2539.4264346709547,2497.0,2511.5,Bṭāyḥī,Brihi Orchestra,walā ‘alá ḥarr al-gharām
8842c1f0-e261-4069-bd59-768bb9a3315c,in.3.5.1,Zejel,2539.4264346709547,2542.4905564552287,2512.5,2515.5,Bṭāyḥī,Brihi Orchestra,‘aṭshān āittukhdh
8842c1f0-e261-4069-bd59-768bb9a3315c,in.3.5.2,Zejel,2542.4905564552287,2544.9900039169834,2517.0,2519.5,Bṭāyḥī,Brihi Orchestra,‘aqlī rahīn
8842c1f0-e261-4069-bd59-768bb9a3315c,in.3.5.3,Zejel,2544.9900039169834,2547.7671677633775,2521.0,2524.5,Bṭāyḥī,Brihi Orchestra,wal-mā zulāl
8842c1f0-e261-4069-bd59-768bb9a3315c,in.3.5.4,Zejel,2547.7671677633775,2552.766062686887,2525.0,2530.5,Bṭāyḥī,Brihi Orchestra,mā yubrī dā’ī ilā al-wiṣāl
8842c1f0-e261-4069-bd59-768bb9a3315c,in.4.1.1,Zejel,2552.766062686887,2555.8545770380333,2532.5,2536.5,Bṭāyḥī,Brihi Orchestra,fī kull al-ghurūb
8842c1f0-e261-4069-bd59-768bb9a3315c,in.4.1.2,Zejel,2555.8545770380333,2558.6317408844275,2537.0,2540.0,Bṭāyḥī,Brihi Orchestra,wakull al-‘ashīyih
8842c1f0-e261-4069-bd59-768bb9a3315c,in.4.1.3,Zejel,2558.6317408844275,2563.6306358079373,2540.5,2548.5,Bṭāyḥī,Brihi Orchestra,law‘atī taẓhar
8842c1f0-e261-4069-bd59-768bb9a3315c,in.4.1.4,Zejel,2563.6306358079373,2568.7203180680385,2550.0,2556.5,Bṭāyḥī,Brihi Orchestra,waḥālī yashtahar
8842c1f0-e261-4069-bd59-768bb9a3315c,in.4.2.1,Zejel,2583.6506080688473,2586.495951476583,2581.0,2583.5,Bṭāyḥī,Brihi Orchestra,nafná wanadhūb wayaẓhar
8842c1f0-e261-4069-bd59-768bb9a3315c,in.4.2.2,Zejel,2586.495951476583,2588.9953989383375,2585.0,2588.0,Bṭāyḥī,Brihi Orchestra,wayaẓhar ‘alay
8842c1f0-e261-4069-bd59-768bb9a3315c,in.4.2.3,Zejel,2588.9953989383375,2593.994293861847,2588.5,2596.5,Bṭāyḥī,Brihi Orchestra,wānā nahīm akthar
8842c1f0-e261-4069-bd59-768bb9a3315c,in.4.2.4,Zejel,2593.994293861847,2599.0175284157463,2598.0,2604.5,Bṭāyḥī,Brihi Orchestra,walā nu‘dhar
8842c1f0-e261-4069-bd59-768bb9a3315c,in.4.3.1,Zejel,2614.0245578403124,2616.7568845279234,2629.0,2631.5,Bṭāyḥī,Brihi Orchestra,mā hī āillā al-qulūb
8842c1f0-e261-4069-bd59-768bb9a3315c,in.4.3.2,Zejel,2616.7568845279234,2619.3489041178914,2633.0,2636.5,Bṭāyḥī,Brihi Orchestra,āsh lī min janīyah
8842c1f0-e261-4069-bd59-768bb9a3315c,in.4.3.3,Zejel,2619.3489041178914,2624.810659682467,2637.25,2644.5,Bṭāyḥī,Brihi Orchestra,waman yaṭīq yaṣbar
8842c1f0-e261-4069-bd59-768bb9a3315c,in.4.3.4,Zejel,2624.810659682467,2629.531838221337,2646.0,2652.5,Bṭāyḥī,Brihi Orchestra,‘alá shamsin taṣfar
8842c1f0-e261-4069-bd59-768bb9a3315c,in.4.4.1,Zejel,2629.531838221337,2634.569401615558,2653.25,2660.5,Bṭāyḥī,Brihi Orchestra,ifn yā shams āifn
8842c1f0-e261-4069-bd59-768bb9a3315c,in.4.4.2,Zejel,2639.44205407942,2644.474619334364,2669.25,2676.5,Bṭāyḥī,Brihi Orchestra,riqqī wazid ma‘ná
8842c1f0-e261-4069-bd59-768bb9a3315c,in.4.5.1,Zejel,2644.474619334364,2646.835208603799,2677.0,2680.0,Bṭāyḥī,Brihi Orchestra,ukhruj bukrá wāi‘jal
8842c1f0-e261-4069-bd59-768bb9a3315c,in.4.5.2,Zejel,2646.835208603799,2649.4735142578734,2680.5,2684.5,Bṭāyḥī,Brihi Orchestra,tará awrāq al-jinān
8842c1f0-e261-4069-bd59-768bb9a3315c,in.4.5.3,Zejel,2649.4735142578734,2654.611267373703,2685.25,2692.5,Bṭāyḥī,Brihi Orchestra,al-jinān marshūsh
8842c1f0-e261-4069-bd59-768bb9a3315c,in.4.5.4,Zejel,2654.611267373703,2659.3470312015793,2694.0,2700.5,Bṭāyḥī,Brihi Orchestra,mufaḍḍaḍ wamudhahhab
8842c1f0-e261-4069-bd59-768bb9a3315c,in.5.1.1,Zejel,2659.3470312015793,2661.8445091069993,2701.0,2704.5,Bṭāyḥī,Brihi Orchestra,yā lahā ‘ashīyah
8842c1f0-e261-4069-bd59-768bb9a3315c,in.5.1.2,Zejel,2661.8445091069993,2664.158812312328,2705.0,2708.5,Bṭāyḥī,Brihi Orchestra,ṣafrah mudhhabīyah
8842c1f0-e261-4069-bd59-768bb9a3315c,in.5.1.3,Zejel,2664.158812312328,2668.602274466559,2709.0,2714.5,Bṭāyḥī,Brihi Orchestra,tuhayyij mā biyā
8842c1f0-e261-4069-bd59-768bb9a3315c,in.5.1.4,Zejel,2668.602274466559,2673.3701961374227,2717.0,2723.5,Bṭāyḥī,Brihi Orchestra,nār āshtiyāq
8842c1f0-e261-4069-bd59-768bb9a3315c,in.5.2.1,Zejel,2687.5759763960805,2690.30662259733,2749.0,2752.5,Bṭāyḥī,Brihi Orchestra,fī jlsh bahīyah
8842c1f0-e261-4069-bd59-768bb9a3315c,in.5.2.2,Zejel,2690.30662259733,2692.667211866765,2753.0,2756.5,Bṭāyḥī,Brihi Orchestra,warutbah ‘alīyah
8842c1f0-e261-4069-bd59-768bb9a3315c,in.5.2.3,Zejel,2692.667211866765,2695.1666593285195,2757.0,2762.5,Bṭāyḥī,Brihi Orchestra,wanaghmah dhakīyah
8842c1f0-e261-4069-bd59-768bb9a3315c,in.5.2.4,Zejel,2695.1666593285195,2701.7122998211144,2765.0,2771.5,Bṭāyḥī,Brihi Orchestra,wāunfus riqāq
8842c1f0-e261-4069-bd59-768bb9a3315c,in.5.3.2,Zejel,2716.1530262485267,2721.469582924726,2801.0,2804.5,Bṭāyḥī,Brihi Orchestra,tāllah yā ‘ashīyah
8842c1f0-e261-4069-bd59-768bb9a3315c,in.5.3.3,Zejel,2721.469582924726,2723.6224273204953,2805.0,2808.5,Bṭāyḥī,Brihi Orchestra,naghnam al-ḥumayyah
8842c1f0-e261-4069-bd59-768bb9a3315c,in.5.3.4,Zejel,2723.6224273204953,2730.598600115871,2809.0,2819.5,Bṭāyḥī,Brihi Orchestra,‘ind al-talāq
8842c1f0-e261-4069-bd59-768bb9a3315c,in.5.4.2,Zejel,2732.663573311813,2734.860353307496,2825.0,2828.5,Bṭāyḥī,Brihi Orchestra,ka’s al-mudām
8842c1f0-e261-4069-bd59-768bb9a3315c,in.5.4.3,Zejel,2739.605398098171,2742.520324819714,2837.0,2839.5,Bṭāyḥī,Brihi Orchestra,mā thamm ‘itāb
8842c1f0-e261-4069-bd59-768bb9a3315c,in.5.4.4,Zejel,2742.520324819714,2748.0591065192143,2841.0,2843.5,Bṭāyḥī,Brihi Orchestra,walā malām
f7bcb9af-6abb-4192-ae3d-37fa811034ce,mu.1.1.1,Qasida,211.23965771555663,247.4518065762365,291.0,320.5,Quddam, RTM Orchestra,al-‘ashīyah ilá al-ghurūb tamīl
f7bcb9af-6abb-4192-ae3d-37fa811034ce,mu.1.1.2,Qasida,247.4518065762365,265.50496645637327,322.5,338.5,Quddam, RTM Orchestra,mithl wajhin tabaddá wahw jamīl
f7bcb9af-6abb-4192-ae3d-37fa811034ce,mu.1.2.1,Qasida,318.23346560895783,372.9963911298608,387.0,416.5,Quddam, RTM Orchestra,wal-ṭuyūr ‘alá al-ghuṣūn tuḥākī
f7bcb9af-6abb-4192-ae3d-37fa811034ce,mu.2.1.1,Barwala,372.9963911298608,382.5001612749342,435.0,442.5,Quddam, RTM Orchestra,ṣfart al-‘shī mā āibda‘ ḥusn ābhāhā
f7bcb9af-6abb-4192-ae3d-37fa811034ce,mu.2.1.2,Barwala,382.5001612749342,395.32956017553084,444.0,455.5,Quddam, RTM Orchestra,ksāt al-riyāḍ bḥullah
f7bcb9af-6abb-4192-ae3d-37fa811034ce,mu.2.2.1,Barwala,418.5963059899449,428.62513644700897,477.0,484.5,Quddam, RTM Orchestra,hwāt lilghrūb wmālt fī smāhā
f7bcb9af-6abb-4192-ae3d-37fa811034ce,mu.2.2.2,Barwala,428.62513644700897,441.9537429609849,486.0,497.5,Quddam, RTM Orchestra,minhā khṭrī fī dhahlatin
f7bcb9af-6abb-4192-ae3d-37fa811034ce,mu.2.3.1,Barwala,441.9537429609849,452.0414924144539,498.0,505.5,Quddam, RTM Orchestra,ghaddr ṭāstī yā sāqī wāmlāhā
f7bcb9af-6abb-4192-ae3d-37fa811034ce,mu.2.3.2,Barwala,452.0414924144539,465.29025592115596,507.0,518.5,Quddam, RTM Orchestra,naghnam ‘shīytī natsalā
f7bcb9af-6abb-4192-ae3d-37fa811034ce,mu.2.4.1,Barwala,465.29025592115596,478.83510784482206,519.0,524.0,Quddam, RTM Orchestra,shams al-ghrūb lāḥt ṣafrah
f7bcb9af-6abb-4192-ae3d-37fa811034ce,mu.2.5.2,Barwala,492.0248269777753,505.0642705185875,548.5,554.5,Quddam, RTM Orchestra,khalāt al-‘shīq fī ḥasrah
f7bcb9af-6abb-4192-ae3d-37fa811034ce,mu.2.6.1,Barwala,517.3819120059227,523.7681569806248,567.0,569.0,Quddam, RTM Orchestra,ghaddar yā ndīm al-khamrah
f7bcb9af-6abb-4192-ae3d-37fa811034ce,mu.2.6.2,Barwala,523.7681569806248,530.0784662056936,569.5,578.5,Quddam, RTM Orchestra,nghnam m‘ al-mlīḥ nzāhah
f7bcb9af-6abb-4192-ae3d-37fa811034ce,mu.2.7.1,Barwala,530.0784662056936,540.0528259485443,579.0,586.5,Quddam, RTM Orchestra,washshat lbsātn bsh‘ā‘ snāhā
f7bcb9af-6abb-4192-ae3d-37fa811034ce,mu.2.7.2,Barwala,540.0528259485443,553.3264736038966,588.0,599.5,Quddam, RTM Orchestra,wābqāt nāḥlah fī khajlah
f7bcb9af-6abb-4192-ae3d-37fa811034ce,mu.2.8.1,Barwala,576.4136322111254,586.1079602603061,621.0,628.5,Quddam, RTM Orchestra,ka’annhā ‘rūsah brzt fī ḥlāhā
f7bcb9af-6abb-4192-ae3d-37fa811034ce,mu.2.8.2,Barwala,586.1079602603061,598.9321370725427,630.0,641.5,Quddam, RTM Orchestra,btāj mn dhhab fī ḥullah
f7bcb9af-6abb-4192-ae3d-37fa811034ce,mu.2.9.1,Barwala,598.9321370725427,615.2518993182304,642.0,649.5,Quddam, RTM Orchestra,ghaddr ṭāstī yā sāqī wāmlāhā
f7bcb9af-6abb-4192-ae3d-37fa811034ce,mu.2.9.2,Barwala,615.2518993182304,621.5878355011197,651.0,662.5,Quddam, RTM Orchestra,naghnam ‘shīytī natslā
f7bcb9af-6abb-4192-ae3d-37fa811034ce,mu.3.1.1,Qasida,621.5878355011197,657.911265596907,663.5,695.0,Quddam, RTM Orchestra,wa‘ashīyatin
f7bcb9af-6abb-4192-ae3d-37fa811034ce,mu.3.1.2,Qasida,715.0260591598892,734.7760084542961,747.5,764.5,Quddam, RTM Orchestra,qad bashsharat
f7bcb9af-6abb-4192-ae3d-37fa811034ce,mu.3.2.1,Qasida,862.53516771446,897.6929649551386,885.5,917.0,Quddam, RTM Orchestra,wal-shams min
f7bcb9af-6abb-4192-ae3d-37fa811034ce,mu.3.2.2,Qasida,954.8042440853039,974.4034040113248,969.5,986.5,Quddam, RTM Orchestra,dhahabun taqallab
f7bcb9af-6abb-4192-ae3d-37fa811034ce,mu.4.1.1,Moaxaja,984.213424995894,994.4025467929788,996.5,1004.5,Quddam, RTM Orchestra,qult lammā zāranī ṭayf al-khayāl
f7bcb9af-6abb-4192-ae3d-37fa811034ce,mu.4.1.2,Moaxaja,994.4025467929788,1000.8022724831081,1005.5,1016.5,Quddam, RTM Orchestra,min rashā al-uns
f7bcb9af-6abb-4192-ae3d-37fa811034ce,mu.4.2.1,Moaxaja,1029.8956942168777,1039.7424471445004,1038.5,1046.5,Quddam, RTM Orchestra,marḥaban bizā’irī badr al-kamāl
f7bcb9af-6abb-4192-ae3d-37fa811034ce,mu.4.2.2,Moaxaja,1039.7424471445004,1052.0419199552177,1047.5,1058.5,Quddam, RTM Orchestra,mukhjil al-shams
f7bcb9af-6abb-4192-ae3d-37fa811034ce,mu.4.3.1,Moaxaja,1073.1531504833597,1082.6527433046456,1080.5,1088.5,Quddam, RTM Orchestra,wal-ladhī anshāk min mā’ al-zulāl
f7bcb9af-6abb-4192-ae3d-37fa811034ce,mu.4.3.2,Moaxaja,1082.6527433046456,1095.2522032570876,1089.5,1100.5,Quddam, RTM Orchestra,wāḥid al-‘aṣr
f7bcb9af-6abb-4192-ae3d-37fa811034ce,mu.4.4.1,Moaxaja,1095.2522032570876,1124.5384812959917,1101.5,1127.5,Quddam, RTM Orchestra,mā bará jismī walā ghayyaranī
f7bcb9af-6abb-4192-ae3d-37fa811034ce,mu.4.4.2,Moaxaja,1124.5384812959917,1137.137941248434,1128.5,1139.5,Quddam, RTM Orchestra,khawf hijrān
f7bcb9af-6abb-4192-ae3d-37fa811034ce,mu.5.1.1,Zejel,1159.9315267489335,1165.9312695834296,1161.0,1166.5,Quddam, RTM Orchestra,nhārī samī‘
f7bcb9af-6abb-4192-ae3d-37fa811034ce,mu.5.1.2,Zejel,1165.9312695834296,1171.231042420568,1167.0,1172.5,Quddam, RTM Orchestra,li’amrī muṭī‘
f7bcb9af-6abb-4192-ae3d-37fa811034ce,mu.5.1.1(1),Zejel,1171.231042420568,1178.1307466802386,1173.0,1178.5,Quddam, RTM Orchestra,nhārī samī‘
f7bcb9af-6abb-4192-ae3d-37fa811034ce,mu.5.1.2(1),Zejel,1178.1307466802386,1184.8304595120928,1179.0,1184.5,Quddam, RTM Orchestra,li’amrī muṭī‘
f7bcb9af-6abb-4192-ae3d-37fa811034ce,mu.5.1.3,Zejel,1184.8304595120928,1191.1301894883138,1185.0,1190.5,Quddam, RTM Orchestra,wa’awqāt su‘ūd
f7bcb9af-6abb-4192-ae3d-37fa811034ce,mu.5.1.4,Zejel,1191.1301894883138,1197.9298980340761,1191.0,1196.5,Quddam, RTM Orchestra,‘ādat wata‘ūd
f7bcb9af-6abb-4192-ae3d-37fa811034ce,mu.5.1.3(1),Zejel,1197.9298980340761,1203.5296580129393,1197.0,1201.5,Quddam, RTM Orchestra,wa’awqāt su‘ūd
f7bcb9af-6abb-4192-ae3d-37fa811034ce,mu.5.1.4(1),Zejel,1203.5296580129393,1209.9503913219248,1202.5,1208.5,Quddam, RTM Orchestra,‘ādat wata‘ūd
f7bcb9af-6abb-4192-ae3d-37fa811034ce,mu.5.2.1,Zejel,1260.8546861908621,1266.8090415100703,1257.0,1262.5,Quddam, RTM Orchestra,wakunnā jamī‘
f7bcb9af-6abb-4192-ae3d-37fa811034ce,mu.5.2.2,Zejel,1266.8090415100703,1272.3088057750251,1263.0,1268.5,Quddam, RTM Orchestra,fī makān rafī‘
f7bcb9af-6abb-4192-ae3d-37fa811034ce,mu.5.2.1(1),Zejel,1272.3088057750251,1279.5084971764206,1269.0,1274.5,Quddam, RTM Orchestra,wakunnā jamī‘
f7bcb9af-6abb-4192-ae3d-37fa811034ce,mu.5.2.2(1),Zejel,1279.5084971764206,1285.7082314387335,1275.0,1280.5,Quddam, RTM Orchestra,fī makān rafī‘
f7bcb9af-6abb-4192-ae3d-37fa811034ce,mu.5.2.3,Zejel,1285.7082314387335,1292.0552406366157,1281.0,1286.5,Quddam, RTM Orchestra,jaddadnā al-‘uhūd
f7bcb9af-6abb-4192-ae3d-37fa811034ce,mu.5.2.4,Zejel,1292.0552406366157,1298.4549663267449,1287.0,1292.5,Quddam, RTM Orchestra,mawāthīq judud
f7bcb9af-6abb-4192-ae3d-37fa811034ce,mu.5.2.3(1),Zejel,1298.4549663267449,1304.2547177334245,1293.0,1297.5,Quddam, RTM Orchestra,jaddadnā al-‘uhūd
f7bcb9af-6abb-4192-ae3d-37fa811034ce,mu.5.2.4(1),Zejel,1304.2547177334245,1310.6408936445112,1298.5,1304.5,Quddam, RTM Orchestra,mawāthīq judud
f7bcb9af-6abb-4192-ae3d-37fa811034ce,mu.5.3.1,Zejel,1356.7451629263471,1363.115126059462,1353.0,1358.5,Quddam, RTM Orchestra,zawwajnā al-qaṭī‘
f7bcb9af-6abb-4192-ae3d-37fa811034ce,mu.5.3.2,Zejel,1363.115126059462,1369.3691684090686,1359.0,1364.5,Quddam, RTM Orchestra,bibint al-raḍī
f7bcb9af-6abb-4192-ae3d-37fa811034ce,mu.5.3.1(1),Zejel,1369.3691684090686,1375.768894099198,1365.0,1370.5,Quddam, RTM Orchestra,zawwajnā al-qaṭī‘
f7bcb9af-6abb-4192-ae3d-37fa811034ce,mu.5.3.2(1),Zejel,1375.768894099198,1381.8686326476025,1371.0,1376.5,Quddam, RTM Orchestra,bibint al-raḍī‘
f7bcb9af-6abb-4192-ae3d-37fa811034ce,mu.5.3.3,Zejel,1381.8686326476025,1388.3156375593928,1377.0,1382.5,Quddam, RTM Orchestra,wakānūā shuhūd
f7bcb9af-6abb-4192-ae3d-37fa811034ce,mu.5.3.4,Zejel,1388.3156375593928,1394.5153718217057,1383.0,1388.5,Quddam, RTM Orchestra,rabā’ib wa‘ūd
f7bcb9af-6abb-4192-ae3d-37fa811034ce,mu.5.4.1,Zejel,1394.5153718217057,1406.665488703163,1389.0,1400.5,Quddam, RTM Orchestra,waqimnā shahar
f7bcb9af-6abb-4192-ae3d-37fa811034ce,mu.5.4.2,Zejel,1418.9519562982357,1431.2645924805183,1413.0,1424.5,Quddam, RTM Orchestra,naktub al-mahar
f7bcb9af-6abb-4192-ae3d-37fa811034ce,mu.5.5.1,Zejel,1431.2645924805183,1437.7940209421347,1425.0,1430.5,Quddam, RTM Orchestra,biḥrūf min zahar
f7bcb9af-6abb-4192-ae3d-37fa811034ce,mu.5.5.2,Zejel,1437.7940209421347,1443.29378520709,1431.0,1436.5,Quddam, RTM Orchestra,wanquṭ yāsamīn
f7bcb9af-6abb-4192-ae3d-37fa811034ce,mu.5.5.1(1),Zejel,1443.29378520709,1449.793506611127,1437.0,1442.5,Quddam, RTM Orchestra,biḥrūf min zahar
f7bcb9af-6abb-4192-ae3d-37fa811034ce,mu.5.5.2(1),Zejel,1449.793506611127,1456.193232301257,1443.0,1448.5,Quddam, RTM Orchestra,wanquṭ yāsamīn
f7bcb9af-6abb-4192-ae3d-37fa811034ce,mu.5.5.3,Zejel,1456.193232301257,1462.3929665635692,1449.0,1454.5,Quddam, RTM Orchestra,fī al-arḍ mushkilīn
f7bcb9af-6abb-4192-ae3d-37fa811034ce,mu.5.5.4,Zejel,1462.3929665635692,1468.4927051119737,1455.0,1460.5,Quddam, RTM Orchestra,shimāl ayamīn
f7bcb9af-6abb-4192-ae3d-37fa811034ce,mu.5.5.3(1),Zejel,1468.4927051119737,1475.0940138249666,1461.0,1465.5,Quddam, RTM Orchestra,fī al-arḍ mushkilīn
f7bcb9af-6abb-4192-ae3d-37fa811034ce,mu.5.5.4(1),Zejel,1475.0940138249666,1480.1937952342885,1466.5,1471.5,Quddam, RTM Orchestra,shimāl ayamīn
f7bcb9af-6abb-4192-ae3d-37fa811034ce,mu.6.1.1,Zejel,1480.1937952342885,1492.1546221422996,1472.5,1483.5,Quddam, RTM Orchestra,yā wād al-jawāhir
f7bcb9af-6abb-4192-ae3d-37fa811034ce,mu.6.1.2,Zejel,1492.1546221422996,1504.4308230321349,1484.5,1495.5,Quddam, RTM Orchestra,mā abda‘ washīk
f7bcb9af-6abb-4192-ae3d-37fa811034ce,mu.6.2.1,Zejel,1528.6038546209325,1540.5822547314815,1520.5,1531.5,Quddam, RTM Orchestra,qad rīt al-nawā‘īr
f7bcb9af-6abb-4192-ae3d-37fa811034ce,mu.6.2.2,Zejel,1540.5822547314815,1552.8123923215735,1532.5,1543.5,Quddam, RTM Orchestra,tuwalwil ‘alayk
f7bcb9af-6abb-4192-ae3d-37fa811034ce,mu.6.3.1,Zejel,1575.0479074564566,1586.543215963352,1568.5,1579.5,Quddam, RTM Orchestra,wabasṭ al-khawāṭir
f7bcb9af-6abb-4192-ae3d-37fa811034ce,mu.6.3.2,Zejel,1586.543215963352,1598.842688774069,1580.5,1591.5,Quddam, RTM Orchestra,ḥusnuh ḥaff bk
f7bcb9af-6abb-4192-ae3d-37fa811034ce,mu.6.4.1,Zejel,1598.842688774069,1603.1425044721248,1592.5,1595.5,Quddam, RTM Orchestra,rīt rawnaq ‘alayk
f7bcb9af-6abb-4192-ae3d-37fa811034ce,mu.6.4.2,Zejel,1622.1126823483312,1626.6536321340645,1616.5,1619.5,Quddam, RTM Orchestra,yuzrī bi-al-dhahab
f7bcb9af-6abb-4192-ae3d-37fa811034ce,mu.6.5.1,Zejel,1634.0533149632765,1645.7528134905442,1628.5,1639.5,Quddam, RTM Orchestra,wal-‘ushshāq tātīk
f7bcb9af-6abb-4192-ae3d-37fa811034ce,mu.6.5.2,Zejel,1645.7528134905442,1650.6526034720493,1640.5,1643.5,Quddam, RTM Orchestra,bi-al-rāḥ wal-ṭarab
f7bcb9af-6abb-4192-ae3d-37fa811034ce,ma.1.1.1,Zejel,1812.9562436169972,1819.5875005463904,1712.5,1718.5,Quddam, RTM Orchestra,qult yā ‘ashīyā
f7bcb9af-6abb-4192-ae3d-37fa811034ce,ma.1.1.2,Zejel,1819.5875005463904,1824.708780931061,1719.0,1723.5,Quddam, RTM Orchestra,āsh hadhā al-nuḥūl
f7bcb9af-6abb-4192-ae3d-37fa811034ce,ma.1.1.3,Zejel,1824.708780931061,1831.2932842827802,1724.5,1730.5,Quddam, RTM Orchestra,mithl al-suyūl
f7bcb9af-6abb-4192-ae3d-37fa811034ce,ma.1.1.4,Zejel,1831.2932842827802,1842.0869660187839,1731.5,1741.5,Quddam, RTM Orchestra,mahlan shawāy mahlā
f7bcb9af-6abb-4192-ae3d-37fa811034ce,ma.1.2.1,Zejel,1871.5960094907236,1878.3641524088184,1772.5,1778.5,Quddam, RTM Orchestra,natanazzah
f7bcb9af-6abb-4192-ae3d-37fa811034ce,ma.1.2.2,Zejel,1878.3641524088184,1883.2415622989809,1779.0,1783.5,Quddam, RTM Orchestra,fī hadhā al-khumūl
f7bcb9af-6abb-4192-ae3d-37fa811034ce,ma.1.2.3,Zejel,1883.2415622989809,1889.8260656507002,1784.5,1790.5,Quddam, RTM Orchestra,yasbī al-‘uqūl
f7bcb9af-6abb-4192-ae3d-37fa811034ce,ma.1.2.4,Zejel,1889.8260656507002,1900.5375713574338,1791.5,1801.5,Quddam, RTM Orchestra,kīf raṣṣa‘uh al-mawlá
f7bcb9af-6abb-4192-ae3d-37fa811034ce,ma.1.3.1,Zejel,1929.4570577403365,1936.4263362026172,1832.5,1838.5,Quddam, RTM Orchestra,qālat yalī
f7bcb9af-6abb-4192-ae3d-37fa811034ce,ma.1.3.2,Zejel,1936.4263362026172,1941.5247901728394,1839.0,1843.5,Quddam, RTM Orchestra,ma‘ay mā naqūl
f7bcb9af-6abb-4192-ae3d-37fa811034ce,ma.1.3.3,Zejel,1941.5247901728394,1947.644378949991,1844.5,1850.5,Quddam, RTM Orchestra,jānī al-rasūl
f7bcb9af-6abb-4192-ae3d-37fa811034ce,ma.1.3.4,Zejel,1947.644378949991,1958.8624216973647,1851.5,1861.5,Quddam, RTM Orchestra,wksīt luh dhī al-ḥulā
f7bcb9af-6abb-4192-ae3d-37fa811034ce,ma.1.4.1,Zejel,1958.8624216973647,1971.6871471961733,1862.5,1872.5,Quddam, RTM Orchestra,minhā āiktasá
f7bcb9af-6abb-4192-ae3d-37fa811034ce,ma.1.4.2,Zejel,1983.7461313073024,1994.7396767530274,1887.5,1897.5,Quddam, RTM Orchestra,lakin āsh bīdī mā
f7bcb9af-6abb-4192-ae3d-37fa811034ce,ma.1.5.1,Zejel,1994.7396767530274,2001.201016849365,1898.5,1904.5,Quddam, RTM Orchestra,lakin qaḍá
f7bcb9af-6abb-4192-ae3d-37fa811034ce,ma.1.5.2,Zejel,2001.201016849365,2006.4721100858508,1905.0,1909.5,Quddam, RTM Orchestra,rabb al-anām
f7bcb9af-6abb-4192-ae3d-37fa811034ce,ma.1.5.3,Zejel,2006.4721100858508,2012.9741941473467,1910.5,1916.5,Quddam, RTM Orchestra,muḥyī al-‘iẓām
f7bcb9af-6abb-4192-ae3d-37fa811034ce,ma.1.5.4,Zejel,2012.9741941473467,2024.0373252786048,1917.5,1927.5,Quddam, RTM Orchestra,alā yadūm al-ḥāl
f7bcb9af-6abb-4192-ae3d-37fa811034ce,ma.2.1.1,Zejel,2024.0373252786048,2029.3788946173688,1929.0,1933.0,Quddam, RTM Orchestra,shams al-‘ashī labsat nuḥūl
f7bcb9af-6abb-4192-ae3d-37fa811034ce,ma.2.1.2,Zejel,2029.3788946173688,2032.7508648141643,1933.5,1936.5,Quddam, RTM Orchestra,qabl al-ufūl
f7bcb9af-6abb-4192-ae3d-37fa811034ce,ma.2.1.3,Zejel,2032.7508648141643,2038.292832165616,1938.0,1943.5,Quddam, RTM Orchestra,anba’at bi-al-sulwān
f7bcb9af-6abb-4192-ae3d-37fa811034ce,ma.2.2.1,Zejel,2052.4798722963565,2057.488489054584,1959.0,1963.0,Quddam, RTM Orchestra,al-dahr bihā yaṣūl
f7bcb9af-6abb-4192-ae3d-37fa811034ce,ma.2.2.2,Zejel,2057.488489054584,2061.0900145638348,1963.5,1966.5,Quddam, RTM Orchestra,wahw yaqūl
f7bcb9af-6abb-4192-ae3d-37fa811034ce,ma.2.2.3,Zejel,2061.0900145638348,2066.3831716244817,1968.0,1973.5,Quddam, RTM Orchestra,dhahbat jamī‘ al-aḥzān
f7bcb9af-6abb-4192-ae3d-37fa811034ce,ma.2.3.1,Zejel,2080.2864709526075,2085.4934287328497,1989.0,1993.0,Quddam, RTM Orchestra,hl al-jamāl lā tazūl
f7bcb9af-6abb-4192-ae3d-37fa811034ce,ma.2.3.2,Zejel,2085.4934287328497,2088.3273498277345,1993.5,1996.5,Quddam, RTM Orchestra,tasbī al-‘uqūl
f7bcb9af-6abb-4192-ae3d-37fa811034ce,ma.2.3.3,Zejel,2088.3273498277345,2094.391940970788,1998.0,2003.5,Quddam, RTM Orchestra,ka’annahum ghizlān
f7bcb9af-6abb-4192-ae3d-37fa811034ce,ma.2.4.1,Zejel,2094.391940970788,2099.4363205196832,2004.0,2008.5,Quddam, RTM Orchestra,mā bayn maḥāfil ẓirāf
f7bcb9af-6abb-4192-ae3d-37fa811034ce,ma.2.4.2,Zejel,2099.4363205196832,2102.229093021486,2009.5,2012.5,Quddam, RTM Orchestra,wāunfus liṭāf
f7bcb9af-6abb-4192-ae3d-37fa811034ce,ma.2.4.3,Zejel,2110.726871433874,2116.4427467193955,2013.0,2018.5,Quddam, RTM Orchestra,fī wādī fās julās
f7bcb9af-6abb-4192-ae3d-37fa811034ce,ma.2.5.1,Zejel,2116.4427467193955,2121.4304478463932,2019.0,2023.0,Quddam, RTM Orchestra,walays fīhim khilāf
f7bcb9af-6abb-4192-ae3d-37fa811034ce,ma.2.5.2,Zejel,2121.4304478463932,2124.4691727508525,2023.5,2026.5,Quddam, RTM Orchestra,siwá al-‘afāf
f7bcb9af-6abb-4192-ae3d-37fa811034ce,ma.2.5.3,Zejel,2124.4691727508525,2130.7504270191907,2028.0,2033.75,Quddam, RTM Orchestra,zahw al-ghinā wal-kās
f7bcb9af-6abb-4192-ae3d-37fa811034ce,in.1.1.2,Zejel,2133.3964781113946,2138.9836736642587,2041.75,2048.75,Quddam, RTM Orchestra,ḥattá taftakhir bik al-manāzil
f7bcb9af-6abb-4192-ae3d-37fa811034ce,in.1.2.1,Zejel,2147.3067372076266,2150.602816683186,2065.75,2069.75,Quddam, RTM Orchestra,lak ḥullah bahīyā
f7bcb9af-6abb-4192-ae3d-37fa811034ce,in.1.2.2,Zejel,2150.602816683186,2155.0623191457644,2071.75,2078.75,Quddam, RTM Orchestra,bihā ṭarrazt jam‘ al-maḥāfil
f7bcb9af-6abb-4192-ae3d-37fa811034ce,in.1.3.1,Zejel,2163.007061618979,2166.6496933248222,2095.75,2099.75,Quddam, RTM Orchestra,wasāqī al-ḥumayyā
f7bcb9af-6abb-4192-ae3d-37fa811034ce,in.1.3.2,Zejel,2166.6496933248222,2171.1839670766376,2101.75,2108.75,Quddam, RTM Orchestra,yasqī bi-al-surūr man kān ghāfil
f7bcb9af-6abb-4192-ae3d-37fa811034ce,in.1.4.1,Zejel,2171.1839670766376,2189.238490169801,2110.75,2144.75,Quddam, RTM Orchestra,fī wādī al-jawāhir
f7bcb9af-6abb-4192-ae3d-37fa811034ce,in.1.4.2,Zejel,2189.238490169801,2194.540368335983,2146.75,2153.75,Quddam, RTM Orchestra,wa’ahl al-jamāl ta‘riḍ ‘alayyā
f7bcb9af-6abb-4192-ae3d-37fa811034ce,in.1.4.3,Zejel,2194.540368335983,2197.0908973213795,2155.75,2159.75,Quddam, RTM Orchestra,taḥkīhim azāhir
f7bcb9af-6abb-4192-ae3d-37fa811034ce,in.1.4.4,Zejel,2197.0908973213795,2201.2174897044392,2161.75,2168.75,Quddam, RTM Orchestra,labsūā min thīyāb al-‘abqarīyā
f7bcb9af-6abb-4192-ae3d-37fa811034ce,in.2.1.1,Zejel,2201.2174897044392,2204.190550531548,2169.75,2174.75,Quddam, RTM Orchestra,ṣaffifūā al-qiṭ‘ān wazīdūā
f7bcb9af-6abb-4192-ae3d-37fa811034ce,in.2.1.2,Zejel,2204.190550531548,2207.081150048331,2175.75,2180.75,Quddam, RTM Orchestra,naghnam hādh al-‘ashīyah
f7bcb9af-6abb-4192-ae3d-37fa811034ce,in.2.1.1(1),Zejel,2207.081150048331,2209.8017142994204,2181.75,2186.75,Quddam, RTM Orchestra,ṣaffifūā al-qiṭ‘ān wazīdūā
f7bcb9af-6abb-4192-ae3d-37fa811034ce,in.2.1.2(1),Zejel,2209.8017142994204,2212.4725415414932,2187.75,2192.75,Quddam, RTM Orchestra,naghnam hādh al-‘ashīyah
f7bcb9af-6abb-4192-ae3d-37fa811034ce,in.2.2.1,Zejel,2224.7679763214683,2227.8243684791055,2217.75,2222.75,Quddam, RTM Orchestra,kullunā ka’suh bīduh
f7bcb9af-6abb-4192-ae3d-37fa811034ce,in.2.2.2,Zejel,2227.8243684791055,2230.601611152093,2223.75,2228.75,Quddam, RTM Orchestra,yaghtanim sā‘ah hanīyah
f7bcb9af-6abb-4192-ae3d-37fa811034ce,in.2.2.1(1),Zejel,2230.601611152093,2233.37885382508,2229.75,2234.75,Quddam, RTM Orchestra,kullunā ka’suh bīduh
f7bcb9af-6abb-4192-ae3d-37fa811034ce,in.2.2.2(1),Zejel,2233.37885382508,2236.212188693599,2235.75,2240.75,Quddam, RTM Orchestra,yaghtanim sā‘ah hanīyah
f7bcb9af-6abb-4192-ae3d-37fa811034ce,in.2.3.1,Zejel,2248.1029061157997,2250.8982854522737,2265.75,2270.75,Quddam, RTM Orchestra,wal-malīḥ qalbī yurīduh
f7bcb9af-6abb-4192-ae3d-37fa811034ce,in.2.3.2,Zejel,2250.8982854522737,2254.015598656647,2271.75,2276.75,Quddam, RTM Orchestra,yanshariḥ bayn yadayyā
f7bcb9af-6abb-4192-ae3d-37fa811034ce,in.2.3.1(1),Zejel,2254.015598656647,2256.7361629077363,2277.75,2288.75,Quddam, RTM Orchestra,wal-malīḥ qalbī yurīduh
f7bcb9af-6abb-4192-ae3d-37fa811034ce,in.2.4.1,Zejel,2259.796797690212,2262.5740403631994,2289.75,2294.75,Quddam, RTM Orchestra,wal-qaṭī‘ baynay wabaynuh
f7bcb9af-6abb-4192-ae3d-37fa811034ce,in.2.4.2,Zejel,2265.294604614289,2267.901812021583,2301.75,2306.75,Quddam, RTM Orchestra,wal-‘īdān taṣna‘ tawāshī
f7bcb9af-6abb-4192-ae3d-37fa811034ce,in.2.5.1,Zejel,2267.901812021583,2270.9057683821607,2307.75,2312.75,Quddam, RTM Orchestra,qarribūā ḥibbī ilay
f7bcb9af-6abb-4192-ae3d-37fa811034ce,in.2.5.2,Zejel,2270.9057683821607,2273.7396894770454,2313.75,2318.75,Quddam, RTM Orchestra,wāi‘ṭifūā ‘aṭf al-ḥawāshī
f7bcb9af-6abb-4192-ae3d-37fa811034ce,in.2.5.1(1),Zejel,2273.7396894770454,2276.4602537281353,2319.75,2324.75,Quddam, RTM Orchestra,qarribūā ḥibbī ilay
f7bcb9af-6abb-4192-ae3d-37fa811034ce,in.2.5.2(1),Zejel,2276.4602537281353,2279.3081174726663,2325.75,2330.75,Quddam, RTM Orchestra,wāi‘ṭifūā ‘aṭf al-ḥawāshī
f7bcb9af-6abb-4192-ae3d-37fa811034ce,in.3.1.1,Qasida,2348.209026087771,2354.813382154919,2479.75,2489.75,Quddam, RTM Orchestra,anā kulluy milkun lakum
f7bcb9af-6abb-4192-ae3d-37fa811034ce,in.3.1.2,Qasida,2360.444463993715,2365.942270917792,2491.75,2501.75,Quddam, RTM Orchestra,sādatī untum liman
f7bcb9af-6abb-4192-ae3d-37fa811034ce,in.3.2.1,Qasida,2365.942270917792,2371.7969906533044,2503.75,2515.75,Quddam, RTM Orchestra,anā ‘abdun shataraytumūnī
f7bcb9af-6abb-4192-ae3d-37fa811034ce,in.3.2.2,Qasida,2371.7969906533044,2375.4810880766545,2517.75,2522.75,Quddam, RTM Orchestra,rakhīṣan bilā thaman
f7bcb9af-6abb-4192-ae3d-37fa811034ce,in.3.3.1,Qasida,2428.794483217158,2434.8540045727673,2644.75,2654.75,Quddam, RTM Orchestra,abrazūā wajhah al-jamīl
f7bcb9af-6abb-4192-ae3d-37fa811034ce,in.3.3.2,Qasida,2440.125097809253,2445.5662263114323,2668.75,2678.75,Quddam, RTM Orchestra,thumm nādūā lilāimtiḥān
f7bcb9af-6abb-4192-ae3d-37fa811034ce,in.3.4.1,Qasida,2445.5662263114323,2451.315556431518,2680.75,2692.75,Quddam, RTM Orchestra,ḥīn arādūā fitnatī
f7bcb9af-6abb-4192-ae3d-37fa811034ce,in.3.4.2,Qasida,2451.315556431518,2454.471621793957,2694.75,2699.75,Quddam, RTM Orchestra,qarrabūā dhāk al-ḥasan
f7bcb9af-6abb-4192-ae3d-37fa811034ce,in.4.1.1,Zejel,2470.3723648550085,2481.0567012943793,2738.75,2759.75,Quddam, RTM Orchestra,yā amlḥ al-nās
f7bcb9af-6abb-4192-ae3d-37fa811034ce,in.4.1.2,Zejel,2481.0567012943793,2486.1010808432743,2762.75,2771.75,Quddam, RTM Orchestra,yā man sabá ‘aqlī
f7bcb9af-6abb-4192-ae3d-37fa811034ce,in.4.1.1(1),Zejel,2486.1010808432743,2488.712491160217,2772.75,2777.75,Quddam, RTM Orchestra,yā amlḥ al-nās
f7bcb9af-6abb-4192-ae3d-37fa811034ce,in.4.2.1,Zejel,2506.624032976479,2517.6131966135495,2820.75,2843.75,Quddam, RTM Orchestra,yā qaḍīb al-yās
f7bcb9af-6abb-4192-ae3d-37fa811034ce,in.4.2.2,Zejel,2517.6131966135495,2522.8753300429753,2846.75,2855.75,Quddam, RTM Orchestra,yā nsmt al-khaylī
f7bcb9af-6abb-4192-ae3d-37fa811034ce,in.4.2.1(1),Zejel,2522.8753300429753,2525.3259409517896,2856.75,2861.75,Quddam, RTM Orchestra,yā qaḍīb al-yās
f7bcb9af-6abb-4192-ae3d-37fa811034ce,in.4.3.1,Zejel,2543.8758008947802,2554.060498692234,2904.75,2927.75,Quddam, RTM Orchestra,awrathnī al-waswās
f7bcb9af-6abb-4192-ae3d-37fa811034ce,in.4.3.2,Zejel,2554.060498692234,2559.072054339306,2930.75,2939.75,Quddam, RTM Orchestra,min khaddik al-‘aslī
f7bcb9af-6abb-4192-ae3d-37fa811034ce,in.4.4.1,Zejel,2559.072054339306,2561.637095857485,2940.75,2945.75,Quddam, RTM Orchestra,sāltk birabbī
f7bcb9af-6abb-4192-ae3d-37fa811034ce,in.4.4.2,Zejel,2569.999737635063,2574.5805635275046,2966.75,2975.75,Quddam, RTM Orchestra,lā taṭrud al-lahfān
f7bcb9af-6abb-4192-ae3d-37fa811034ce,in.4.5.1,Zejel,2574.5805635275046,2584.626495364165,2976.75,2999.75,Quddam, RTM Orchestra,tā’ib yā ḥibbī
f7bcb9af-6abb-4192-ae3d-37fa811034ce,in.4.5.2,Zejel,2584.626495364165,2589.8080812588632,3002.75,3011.75,Quddam, RTM Orchestra,shāyin maḍá lā kān
f7bcb9af-6abb-4192-ae3d-37fa811034ce,in.4.5.1(1),Zejel,2589.8080812588632,2592.625232107617,3012.75,3026.75,Quddam, RTM Orchestra,tā’ib yā ḥibbī
f7bcb9af-6abb-4192-ae3d-37fa811034ce,in.5.1.1,Zejel,2684.51459296568,2713.311326913198,3033.75,3092.75,Quddam, RTM Orchestra,ayā munādī bi-al-ḥimá hayyajtum huyāmā
f7bcb9af-6abb-4192-ae3d-37fa811034ce,in.5.2.1,Zejel,2796.243075058965,2817.4032092599546,3285.75,3308.75,Quddam, RTM Orchestra,wazādanī hawākum wajdan wa’isqāmā
f7bcb9af-6abb-4192-ae3d-37fa811034ce,in.5.3.1,Zejel,2851.527457255906,2880.6030629698053,3412.75,3482.75,Quddam, RTM Orchestra,antum surūrī fī al-hawá wajull sulwānī
f7bcb9af-6abb-4192-ae3d-37fa811034ce,in.5.4.1,Zejel,2880.6030629698053,2900.6031814720973,3483.75,3530.75,Quddam, RTM Orchestra,zādakum al-lah al-karīm ‘izzan wa’krāmā
f7bcb9af-6abb-4192-ae3d-37fa811034ce,in.6.1.1,Moaxaja,2933.1636755486543,2947.691559418467,3609.75,3643.75,Quddam, RTM Orchestra,shams al-‘ashīyah rawnaqat
f7bcb9af-6abb-4192-ae3d-37fa811034ce,in.6.1.2,Moaxaja,2947.691559418467,2957.5694445069603,3644.75,3668.75,Quddam, RTM Orchestra,jam‘ al-katā’ib wal-biṭāḥ
f7bcb9af-6abb-4192-ae3d-37fa811034ce,in.6.2.1,Moaxaja,2982.444054869525,2996.9133081363857,3729.75,3763.75,Quddam, RTM Orchestra,‘alá al-ghuṣūn ashraqat
f7bcb9af-6abb-4192-ae3d-37fa811034ce,in.6.2.2,Moaxaja,2996.9133081363857,3006.6757747210922,3764.75,3788.75,Quddam, RTM Orchestra,wazuyyinat bihā al-liqāḥ
f7bcb9af-6abb-4192-ae3d-37fa811034ce,in.6.3.1,Moaxaja,3030.699162675812,3045.717844305088,3849.75,3883.75,Quddam, RTM Orchestra,wabiālghalas bashsharat
f7bcb9af-6abb-4192-ae3d-37fa811034ce,in.6.3.2,Moaxaja,3045.717844305088,3055.684005050298,3884.75,3908.75,Quddam, RTM Orchestra,āhin ‘alá qalbī al-jirāḥ
f7bcb9af-6abb-4192-ae3d-37fa811034ce,in.6.4.1,Moaxaja,3055.684005050298,3065.1455267155266,3909.75,3932.75,Quddam, RTM Orchestra,tawashshaḥat bi-al-āiṣfirār
f7bcb9af-6abb-4192-ae3d-37fa811034ce,in.6.4.2,Moaxaja,3075.0764548070447,3084.6195465356027,3957.75,3980.75,Quddam, RTM Orchestra,ḥīn ghuyyibat ‘an muqlatī
f7bcb9af-6abb-4192-ae3d-37fa811034ce,in.6.5.1,Moaxaja,3084.6195465356027,3099.3314981118647,3981.75,4015.75,Quddam, RTM Orchestra,waman hawiyat ẓabī al-nifār
f7bcb9af-6abb-4192-ae3d-37fa811034ce,in.6.5.2,Moaxaja,3099.3314981118647,3108.9306771912866,4016.75,4040.75,Quddam, RTM Orchestra,‘awwal yā ṣāḥ ‘an furqatī
f7bcb9af-6abb-4192-ae3d-37fa811034ce,in.7.1.1,Zejel,3108.9306771912866,3124.589766773167,4041.75,4078.75,Quddam, RTM Orchestra,yā shams al-‘ashīyah
f7bcb9af-6abb-4192-ae3d-37fa811034ce,in.7.1.2,Zejel,3124.589766773167,3138.0010527036698,4080.75,4114.75,Quddam, RTM Orchestra,wadda‘tuk lillah
f7bcb9af-6abb-4192-ae3d-37fa811034ce,in.7.2.1,Zejel,3166.4441506878725,3181.5655494371163,4191.75,4228.75,Quddam, RTM Orchestra,bi-al-wājib ‘alay
f7bcb9af-6abb-4192-ae3d-37fa811034ce,in.7.2.2,Zejel,3181.5655494371163,3194.9162394823043,4230.75,4264.75,Quddam, RTM Orchestra,astaghfir al-lah
f7bcb9af-6abb-4192-ae3d-37fa811034ce,in.7.3.1,Zejel,3222.761582829978,3227.611269075025,4341.75,4378.75,Quddam, RTM Orchestra,min dhanbin ‘alay
f7bcb9af-6abb-4192-ae3d-37fa811034ce,in.7.3.2,Zejel,3227.611269075025,3244.8995071024297,4380.75,4396.75,Quddam, RTM Orchestra,min dhanbin ‘alay
f7bcb9af-6abb-4192-ae3d-37fa811034ce,in.7.4.1,Zejel,3244.8995071024297,3251.6792082896472,4398.75,4414.75,Quddam, RTM Orchestra,yā rabbī sa’altak
f7bcb9af-6abb-4192-ae3d-37fa811034ce,in.7.4.2,Zejel,3258.458909476865,3264.967422616594,4434.75,4450.75,Quddam, RTM Orchestra,bi-al-hādī al-karīm
f7bcb9af-6abb-4192-ae3d-37fa811034ce,in.7.5.1,Zejel,3264.967422616594,3279.8827652284726,4452.75,4489.75,Quddam, RTM Orchestra,irḥamnā bifaḍlak
f7bcb9af-6abb-4192-ae3d-37fa811034ce,in.7.5.2,Zejel,3279.8827652284726,3293.4376962790866,4491.75,4525.75,Quddam, RTM Orchestra,fī yawmin ‘aẓīm
b11237b9-d45b-4b3a-a97b-ab7d198f927f,mu.1.1.1,Qasida,144.971481191663,170.85607846689354,291.0,315.5,Quddam, Tetouan institut,al-‘ashīyah al-‘ashīyah ilá al-ghurūb tamīl
b11237b9-d45b-4b3a-a97b-ab7d198f927f,mu.1.1.2,Qasida,177.13009434501384,194.79296230506273,322.5,340.5,Quddam, Tetouan institut,mithl wajhin tabaddá wahw jamīl
b11237b9-d45b-4b3a-a97b-ab7d198f927f,mu.1.2.1,Qasida,242.66065984538793,267.21491318233143,390.0,411.5,Quddam, Tetouan institut,wal-ṭuyūr wal-ṭuyūr al-ghuṣūn tuḥākī
b11237b9-d45b-4b3a-a97b-ab7d198f927f,mu.1.2.2,Qasida,273.81466426626577,289.933516260413,418.5,434.5,Quddam, Tetouan institut,lijawārin ghannat lahā tartīl
b11237b9-d45b-4b3a-a97b-ab7d198f927f,mu.2.1.1,Qasida,289.933516260413,323.0728365239914,435.5,467.0,Quddam, Tetouan institut,wa‘ashīyatin lāzilt arqub waqtahā
b11237b9-d45b-4b3a-a97b-ab7d198f927f,mu.2.1.2,Qasida,373.2548011831628,391.129806844366,519.5,537.0,Quddam, Tetouan institut,qad bashsharat biwṣālihā qalbī al-muḥraq qalbī al-muḥraq
b11237b9-d45b-4b3a-a97b-ab7d198f927f,mu.2.2.1,Qasida,506.94931362622833,539.6701932529629,657.5,689.0,Quddam, Tetouan institut,wal-shams min min taḥt al-saḥāb ka’annahā
b11237b9-d45b-4b3a-a97b-ab7d198f927f,mu.2.2.2,Zejel,589.5997370476281,606.4853647775385,741.5,758.5,Quddam, Tetouan institut,dhahabun taqallab taqallab fī qamīṣin qamīṣin azrq
b11237b9-d45b-4b3a-a97b-ab7d198f927f,mu.4.1.1,Zejel,928.3194041850321,938.5890075229199,774.5,785.5,Quddam, Tetouan institut,qalbī al-ka’īb dhā’ib
b11237b9-d45b-4b3a-a97b-ab7d198f927f,mu.4.1.2,Zejel,950.6336158505284,961.7473705781964,798.5,809.5,Quddam, Tetouan institut,wal-jism kālkhayāl
b11237b9-d45b-4b3a-a97b-ab7d198f927f,mu.4.2.1,Zejel,961.7473705781964,974.0342932360523,810.5,821.5,Quddam, Tetouan institut,yā jumlat al-ḥabā’ib
b11237b9-d45b-4b3a-a97b-ab7d198f927f,mu.4.2.2,Zejel,974.0342932360523,984.9944149684579,822.5,833.5,Quddam, Tetouan institut,hal ya‘ūd al-wiṣāl
b11237b9-d45b-4b3a-a97b-ab7d198f927f,mu.4.3.1,Zejel,984.9944149684579,996.6378579016927,834.5,857.5,Quddam, Tetouan institut,kayf al-‘uqūl tabqá
b11237b9-d45b-4b3a-a97b-ab7d198f927f,mu.4.4.1,Zejel,1031.049963146746,1042.6207597337311,882.5,893.5,Quddam, Tetouan institut,wal-nahr sāḥ shawqan
b11237b9-d45b-4b3a-a97b-ab7d198f927f,mu.4.4.2,Zejel,1042.6207597337311,1053.8598713613944,894.5,905.5,Quddam, Tetouan institut,fī jaryih al-‘ajīb
b11237b9-d45b-4b3a-a97b-ab7d198f927f,mu.4.5.1,Zejel,1075.268972912033,1086.2315837474941,930.5,941.5,Quddam, Tetouan institut,wal-ṭayr qad taraqqá
b11237b9-d45b-4b3a-a97b-ab7d198f927f,mu.4.5.2,Zejel,1086.2315837474941,1097.6591261983083,942.5,953.5,Quddam, Tetouan institut,fī al-ghuṣn kālkhaṭīb
b11237b9-d45b-4b3a-a97b-ab7d198f927f,mu.4.6.1,Zejel,1097.6591261983083,1109.8879456322143,954.5,965.5,Quddam, Tetouan institut,umm al-ḥasan tujāwib
b11237b9-d45b-4b3a-a97b-ab7d198f927f,mu.4.6.2,Zejel,1120.929257221122,1132.0691274871058,978.5,989.5,Quddam, Tetouan institut,muḍná al-fu’ād waqāl
b11237b9-d45b-4b3a-a97b-ab7d198f927f,mu.4.7.1,Zejel,1132.0691274871058,1143.5773469762512,990.5,1001.5,Quddam, Tetouan institut,yā jumlat al-ḥabā’ib
b11237b9-d45b-4b3a-a97b-ab7d198f927f,mu.4.7.2,Zejel,1143.5773469762512,1155.1401128711536,1002.5,1013.5,Quddam, Tetouan institut,hal ya‘ūd al-wiṣāl
b11237b9-d45b-4b3a-a97b-ab7d198f927f,mu.5.1.1,Moaxaja,1155.1401128711536,1164.2602585577877,1014.5,1022.5,Quddam, Tetouan institut,qult lammā zāranī ṭayf al-khayāl
b11237b9-d45b-4b3a-a97b-ab7d198f927f,mu.5.1.2,Moaxaja,1164.2602585577877,1175.1352802961428,1023.5,1034.5,Quddam, Tetouan institut,min rashā al-uns
b11237b9-d45b-4b3a-a97b-ab7d198f927f,mu.5.2.1,Moaxaja,1195.6333562488817,1204.165993933353,1056.5,1064.5,Quddam, Tetouan institut,marḥaban bizā’irī badr al-kamāl
b11237b9-d45b-4b3a-a97b-ab7d198f927f,mu.5.2.2,Moaxaja,1204.165993933353,1215.2204066037211,1065.5,1076.5,Quddam, Tetouan institut,mukhjil al-shams
b11237b9-d45b-4b3a-a97b-ab7d198f927f,mu.5.3.1,Moaxaja,1234.3519441596109,1242.993169392934,1098.5,1106.5,Quddam, Tetouan institut,wal-ladhī anshāk min mā’ al-zulāl
b11237b9-d45b-4b3a-a97b-ab7d198f927f,mu.5.3.2,Moaxaja,1242.993169392934,1254.406006914199,1107.5,1118.5,Quddam, Tetouan institut,wāḥid al-‘aṣr
b11237b9-d45b-4b3a-a97b-ab7d198f927f,mu.5.4.1,Moaxaja,1254.406006914199,1280.4863399466724,1119.5,1166.5,Quddam, Tetouan institut,mā bará jismī walā ghayyaranī
b11237b9-d45b-4b3a-a97b-ab7d198f927f,mu.5.4.2,Moaxaja,1280.4863399466724,1291.2080067593743,1167.5,1177.5,Quddam, Tetouan institut,khawf hijrān
b11237b9-d45b-4b3a-a97b-ab7d198f927f,ma.1.1.1,Qasida,1311.3849268641345,1333.8493636686812,1179.5,1201.5,Quddam, Tetouan institut,jā’ al-ḥabīb al-ladhī ahwá min al-safar
b11237b9-d45b-4b3a-a97b-ab7d198f927f,ma.1.1.2,Qasida,1333.8493636686812,1345.3098921738865,1202.5,1225.5,Quddam, Tetouan institut,wal-shams qad atharat fī khaddih atharā
b11237b9-d45b-4b3a-a97b-ab7d198f927f,ma.1.2.1,Qasida,1402.5560850846082,1425.2899209820735,1275.0,1297.5,Quddam, Tetouan institut,faqult yā ‘ajaban al-shams bi-al-qamar
b11237b9-d45b-4b3a-a97b-ab7d198f927f,ma.1.2.2,Qasida,1425.2899209820735,1448.1819077300577,1298.5,1321.5,Quddam, Tetouan institut,wal-shams lā yanbaghī an tudrik al-qamar
b11237b9-d45b-4b3a-a97b-ab7d198f927f,ma.2.1.1,Zejel,1448.1819077300577,1454.0787508297851,1322.5,1328.5,Quddam, Tetouan institut,qult yā ‘ashīyā
b11237b9-d45b-4b3a-a97b-ab7d198f927f,ma.2.1.2,Zejel,1454.0787508297851,1458.7304551664017,1329.0,1333.5,Quddam, Tetouan institut,āsh hadhā al-nuḥūl
b11237b9-d45b-4b3a-a97b-ab7d198f927f,ma.2.1.3,Zejel,1458.7304551664017,1465.5761901432488,1334.5,1340.5,Quddam, Tetouan institut,mithl al-suyūl
b11237b9-d45b-4b3a-a97b-ab7d198f927f,ma.2.1.4,Zejel,1465.5761901432488,1476.1861389441256,1341.5,1351.5,Quddam, Tetouan institut,mahlan shawāy mahlā
b11237b9-d45b-4b3a-a97b-ab7d198f927f,ma.2.2.1,Zejel,1533.0086778610423,1538.94009530064,1412.5,1418.5,Quddam, Tetouan institut,natanazzah
b11237b9-d45b-4b3a-a97b-ab7d198f927f,ma.2.2.2,Zejel,1538.94009530064,1544.3744275598344,1419.0,1423.5,Quddam, Tetouan institut,fī hadhā al-khumūl
b11237b9-d45b-4b3a-a97b-ab7d198f927f,ma.2.2.3,Zejel,1544.3744275598344,1550.7213953771404,1424.5,1430.5,Quddam, Tetouan institut,yasbī al-‘uqūl
b11237b9-d45b-4b3a-a97b-ab7d198f927f,ma.2.2.4,Zejel,1550.7213953771404,1560.3616478840852,1431.5,1441.5,Quddam, Tetouan institut,kīf raṣṣa‘uh al-mawlá
b11237b9-d45b-4b3a-a97b-ab7d198f927f,ma.2.3.1,Zejel,1586.4120955250785,1592.535364047866,1472.5,1478.5,Quddam, Tetouan institut,qālat yalī
b11237b9-d45b-4b3a-a97b-ab7d198f927f,ma.2.3.2,Zejel,1592.535364047866,1597.8328332497122,1479.0,1483.5,Quddam, Tetouan institut,ma‘ay mā naqūl
b11237b9-d45b-4b3a-a97b-ab7d198f927f,ma.2.3.3,Zejel,1597.8328332497122,1604.0798488179266,1484.5,1490.5,Quddam, Tetouan institut,jānī al-rasūl
b11237b9-d45b-4b3a-a97b-ab7d198f927f,ma.2.3.4,Zejel,1604.0798488179266,1612.6809580483446,1491.5,1499.5,Quddam, Tetouan institut,wksīt luh dhī al-ḥulā
b11237b9-d45b-4b3a-a97b-ab7d198f927f,ma.2.4.1,Zejel,1612.6809580483446,1617.5139371997293,1500.25,1508.5,Quddam, Tetouan institut,minhā āiktasá
b11237b9-d45b-4b3a-a97b-ab7d198f927f,ma.2.4.2,Zejel,1617.5139371997293,1623.2112153979408,1509.5,1514.5,Quddam, Tetouan institut,jismī al-saqam
b11237b9-d45b-4b3a-a97b-ab7d198f927f,ma.2.4.3,Zejel,1634.2797930654037,1640.1090068302924,1527.5,1532.5,Quddam, Tetouan institut,lakin āsh bīdī
b11237b9-d45b-4b3a-a97b-ab7d198f927f,ma.2.4.4,Zejel,1640.1090068302924,1645.0066670357726,1533.5,1537.5,Quddam, Tetouan institut,bīdī mā na‘mal
b11237b9-d45b-4b3a-a97b-ab7d198f927f,ma.2.5.1,Zejel,1645.0066670357726,1651.2105619012566,1538.5,1544.5,Quddam, Tetouan institut,lakin qaḍá
b11237b9-d45b-4b3a-a97b-ab7d198f927f,ma.2.5.2,Zejel,1651.2105619012566,1656.5625775088588,1545.0,1549.5,Quddam, Tetouan institut,rabb al-anām
b11237b9-d45b-4b3a-a97b-ab7d198f927f,ma.2.5.3,Zejel,1656.5625775088588,1662.949386802373,1550.5,1556.5,Quddam, Tetouan institut,muḥyī al-‘iẓām
b11237b9-d45b-4b3a-a97b-ab7d198f927f,ma.2.5.4,Zejel,1662.949386802373,1673.0112293476438,1557.5,1567.5,Quddam, Tetouan institut,alā yadūm al-ḥāl
b11237b9-d45b-4b3a-a97b-ab7d198f927f,ma.3.1.1,Zejel,1991.4602332479942,1993.9860590044216,1572.0,1573.5,Quddam, Tetouan institut,shams al-‘ashī
b11237b9-d45b-4b3a-a97b-ab7d198f927f,ma.3.1.2,Zejel,1993.9860590044216,1996.1350323598874,1575.0,1577.0,Quddam, Tetouan institut,labsat nuḥūl
b11237b9-d45b-4b3a-a97b-ab7d198f927f,ma.3.1.3,Zejel,1996.1350323598874,1998.6338385871732,1577.5,1579.5,Quddam, Tetouan institut,qabl al-ufūl
b11237b9-d45b-4b3a-a97b-ab7d198f927f,ma.3.1.4,Zejel,1998.6338385871732,2004.522720770458,1581.0,1586.5,Quddam, Tetouan institut,anba’at bi-al-sulwān
b11237b9-d45b-4b3a-a97b-ab7d198f927f,ma.3.2.1,Zejel,2018.2806134308576,2022.8673401520575,1602.0,1607.0,Quddam, Tetouan institut,al-dahr bihā yaṣūl
b11237b9-d45b-4b3a-a97b-ab7d198f927f,ma.3.2.2,Zejel,2022.8673401520575,2025.7159792511634,1607.5,1609.5,Quddam, Tetouan institut,wahw yaqūl
b11237b9-d45b-4b3a-a97b-ab7d198f927f,ma.3.2.3,Zejel,2025.7159792511634,2031.3872449002322,1611.0,1616.5,Quddam, Tetouan institut,dhahbat jamī‘ al-aḥzān
b11237b9-d45b-4b3a-a97b-ab7d198f927f,ma.3.3.1,Zejel,2044.7380993162412,2050.0297344426112,1632.0,1637.0,Quddam, Tetouan institut,hl al-jamāl lā tazūl
b11237b9-d45b-4b3a-a97b-ab7d198f927f,ma.3.3.2,Zejel,2050.0297344426112,2052.984288301916,1637.5,1639.5,Quddam, Tetouan institut,tasbī al-‘uqūl
b11237b9-d45b-4b3a-a97b-ab7d198f927f,ma.3.3.3,Zejel,2052.984288301916,2058.316854710544,1641.0,1646.5,Quddam, Tetouan institut,ka’annahum ghizlān
b11237b9-d45b-4b3a-a97b-ab7d198f927f,ma.3.4.1,Zejel,2058.316854710544,2063.079043289345,1647.0,1652.5,Quddam, Tetouan institut,mā bayn maḥāfil ẓirāf
b11237b9-d45b-4b3a-a97b-ab7d198f927f,ma.3.4.2,Zejel,2063.079043289345,2066.409916309307,1653.0,1655.5,Quddam, Tetouan institut,wāunfus liṭāf
b11237b9-d45b-4b3a-a97b-ab7d198f927f,ma.3.4.3,Zejel,2066.409916309307,2071.4050810476374,1656.0,1661.5,Quddam, Tetouan institut,fī wādī fās julās
b11237b9-d45b-4b3a-a97b-ab7d198f927f,ma.3.5.1,Zejel,2071.4050810476374,2076.5187590576434,1662.0,1667.0,Quddam, Tetouan institut,walays fīhim khilāf
b11237b9-d45b-4b3a-a97b-ab7d198f927f,ma.3.5.2,Zejel,2076.5187590576434,2079.2378713653575,1667.5,1669.5,Quddam, Tetouan institut,siwá al-‘afāf
b11237b9-d45b-4b3a-a97b-ab7d198f927f,ma.3.5.3,Zejel,2079.2378713653575,2084.5650122891216,1671.0,1676.5,Quddam, Tetouan institut,zahw al-ghinā wal-kās
b11237b9-d45b-4b3a-a97b-ab7d198f927f,in.1.1.1,Zejel,2084.5650122891216,2087.895499609525,1678.75,1682.75,Quddam, Tetouan institut,a‘ẓam yā ‘ashīyā
b11237b9-d45b-4b3a-a97b-ab7d198f927f,in.1.1.2,Zejel,2087.895499609525,2093.5320344395423,1684.75,1691.75,Quddam, Tetouan institut,ḥattá taftakhir bik al-manāzil
b11237b9-d45b-4b3a-a97b-ab7d198f927f,in.1.2.1,Zejel,2101.5913916784743,2105.4948002211613,1708.75,1712.75,Quddam, Tetouan institut,lak ḥullah bahīyā
b11237b9-d45b-4b3a-a97b-ab7d198f927f,in.1.2.2,Zejel,2105.4948002211613,2109.7321565662846,1714.75,1721.75,Quddam, Tetouan institut,bihā ṭarrazt jam‘ al-maḥāfil
b11237b9-d45b-4b3a-a97b-ab7d198f927f,in.1.3.1,Zejel,2118.1985520496078,2121.643238624362,1741.75,1745.75,Quddam, Tetouan institut,wasāqī al-ḥumayyā
b11237b9-d45b-4b3a-a97b-ab7d198f927f,in.1.3.2,Zejel,2121.643238624362,2126.358233136319,1747.75,1754.75,Quddam, Tetouan institut,yasqī bi-al-surūr man kān ghāfil
b11237b9-d45b-4b3a-a97b-ab7d198f927f,in.1.4.1,Zejel,2126.358233136319,2144.9663929664903,1756.75,1760.75,Quddam, Tetouan institut,fī wādī al-jawāhir
b11237b9-d45b-4b3a-a97b-ab7d198f927f,in.1.4.2,Zejel,2144.9663929664903,2149.9606773045216,1762.75,1766.75,Quddam, Tetouan institut,wa’ahl al-jamāl ta‘riḍ ‘alayyā
b11237b9-d45b-4b3a-a97b-ab7d198f927f,in.3.1.1,Zejel,2211.682203536458,2214.728766449996,1921.75,1925.75,Quddam, Tetouan institut,yā shams al-‘ashīyā
b11237b9-d45b-4b3a-a97b-ab7d198f927f,in.3.1.2,Zejel,2214.728766449996,2219.32242524052,1927.75,1934.75,Quddam, Tetouan institut,amhil lā taghib bi-al-lah rifqā
b11237b9-d45b-4b3a-a97b-ab7d198f927f,in.3.2.1,Zejel,2226.7222812809086,2230.1795871681456,1951.75,1955.75,Quddam, Tetouan institut,hayyajt mā bīyā
b11237b9-d45b-4b3a-a97b-ab7d198f927f,in.3.2.2,Zejel,2230.1795871681456,2234.7002308709625,1957.75,1964.75,Quddam, Tetouan institut,ḥattá zidtinī fī al-qalb shawqā
b11237b9-d45b-4b3a-a97b-ab7d198f927f,in.3.3.1,Zejel,2241.8641039722356,2244.940553366526,1981.75,1985.75,Quddam, Tetouan institut,taraffaq ‘alayyā
b11237b9-d45b-4b3a-a97b-ab7d198f927f,in.3.3.2,Zejel,2244.940553366526,2248.961656647084,1987.75,1994.75,Quddam, Tetouan institut,innay fī al-malīḥ qad zidt ‘ishqā
b11237b9-d45b-4b3a-a97b-ab7d198f927f,in.4.1.1,Zejel,2248.961656647084,2266.9072112085473,1996.75,2000.75,Quddam, Tetouan institut,fī wādī al-mudhahhab
b11237b9-d45b-4b3a-a97b-ab7d198f927f,in.4.1.2,Zejel,2266.9072112085473,2271.2663765167777,2002.75,2006.75,Quddam, Tetouan institut,wawajh al-malīḥ mithl al-thurayyā
b11237b9-d45b-4b3a-a97b-ab7d198f927f,in.4.2.1,Zejel,2271.2663765167777,2274.264112659122,2041.75,2054.75,Quddam, Tetouan institut,wal-sāqī al-mu’addab
b11237b9-d45b-4b3a-a97b-ab7d198f927f,in.5.1.1,Zejel,2278.507170351885,2281.151183467868,2055.75,2060.75,Quddam, Tetouan institut,ṣaffifūā al-qiṭ‘ān wazīdūā
b11237b9-d45b-4b3a-a97b-ab7d198f927f,in.5.1.2,Zejel,2281.151183467868,2283.987989206892,2061.75,2066.75,Quddam, Tetouan institut,naghnam hādh al-‘ashīyah
b11237b9-d45b-4b3a-a97b-ab7d198f927f,in.5.1.1(1),Zejel,2283.987989206892,2287.045129372248,2067.75,2072.75,Quddam, Tetouan institut,ṣaffifūā al-qiṭ‘ān wazīdūā
b11237b9-d45b-4b3a-a97b-ab7d198f927f,in.5.1.2(1),Zejel,2287.045129372248,2289.7700042900647,2073.75,2078.75,Quddam, Tetouan institut,naghnam hādh al-‘ashīyah
b11237b9-d45b-4b3a-a97b-ab7d198f927f,in.5.2.1,Zejel,2301.6555210262677,2304.6483014896103,2103.75,2108.75,Quddam, Tetouan institut,kullunā ka’suh bīduh
b11237b9-d45b-4b3a-a97b-ab7d198f927f,in.5.2.2,Zejel,2304.6483014896103,2307.4181428174484,2109.75,2114.75,Quddam, Tetouan institut,yaghtanim sā‘ah hanīyah
b11237b9-d45b-4b3a-a97b-ab7d198f927f,in.5.2.1(1),Zejel,2307.4181428174484,2310.2549485564723,2115.75,2120.75,Quddam, Tetouan institut,kullunā ka’suh bīduh
b11237b9-d45b-4b3a-a97b-ab7d198f927f,in.5.2.2(1),Zejel,2310.2549485564723,2313.215407166959,2121.75,2126.75,Quddam, Tetouan institut,yaghtanim sā‘ah hanīyah
b11237b9-d45b-4b3a-a97b-ab7d198f927f,in.5.3.1,Zejel,2325.100923903162,2327.7958366002545,2151.75,2156.75,Quddam, Tetouan institut,wal-malīḥ qalbī yurīduh
b11237b9-d45b-4b3a-a97b-ab7d198f927f,in.5.3.2,Zejel,2327.7958366002545,2330.717787878545,2157.75,2162.75,Quddam, Tetouan institut,yanshariḥ bayn yadayyā
b11237b9-d45b-4b3a-a97b-ab7d198f927f,in.5.3.1(1),Zejel,2330.717787878545,2333.830011650484,2163.75,2168.75,Quddam, Tetouan institut,wal-malīḥ qalbī yurīduh
b11237b9-d45b-4b3a-a97b-ab7d198f927f,in.5.3.2(1),Zejel,2333.830011650484,2336.6765379858957,2169.75,2174.75,Quddam, Tetouan institut,yanshariḥ bayn yadayyā
b11237b9-d45b-4b3a-a97b-ab7d198f927f,in.5.4.1,Zejel,2336.6765379858957,2342.217480706268,2175.75,2186.75,Quddam, Tetouan institut,wal-qaṭī‘ baynay wabaynuh
b11237b9-d45b-4b3a-a97b-ab7d198f927f,in.5.4.2,Zejel,2342.217480706268,2345.3813678118786,2187.75,2192.75,Quddam, Tetouan institut,wal-‘īdān taṣna‘ tawāshī
b11237b9-d45b-4b3a-a97b-ab7d198f927f,in.5.5.1,Zejel,2345.3813678118786,2348.282437531532,2193.75,2198.75,Quddam, Tetouan institut,qarribūā ḥibbī ilay
b11237b9-d45b-4b3a-a97b-ab7d198f927f,in.5.5.2,Zejel,2348.282437531532,2351.00907605739,2199.75,2204.75,Quddam, Tetouan institut,wāi‘ṭifūā ‘aṭf al-ḥawāshī
b11237b9-d45b-4b3a-a97b-ab7d198f927f,in.5.5.1(1),Zejel,2351.00907605739,2353.7907981898306,2205.75,2210.75,Quddam, Tetouan institut,qarribūā ḥibbī ilay
b11237b9-d45b-4b3a-a97b-ab7d198f927f,in.5.5.2(1),Zejel,2353.7907981898306,2357.123590066911,2211.75,2216.75,Quddam, Tetouan institut,wāi‘ṭifūā ‘aṭf al-ḥawāshī
b11237b9-d45b-4b3a-a97b-ab7d198f927f,in.6.1.1,Qasida,2357.123590066911,2362.7442042470434,2218.75,2228.75,Quddam, Tetouan institut,anā kulluy milkun lakum
b11237b9-d45b-4b3a-a97b-ab7d198f927f,in.6.1.2,Qasida,2368.4427396685105,2374.3396831946893,2242.75,2252.75,Quddam, Tetouan institut,sādatī untum liman
b11237b9-d45b-4b3a-a97b-ab7d198f927f,in.6.2.1,Qasida,2374.3396831946893,2380.843328965568,2254.75,2266.75,Quddam, Tetouan institut,anā ‘abdun shataraytumūnī
b11237b9-d45b-4b3a-a97b-ab7d198f927f,in.6.2.2,Qasida,2380.843328965568,2384.205048953002,2268.75,2273.75,Quddam, Tetouan institut,rakhīṣan bilā thaman
b11237b9-d45b-4b3a-a97b-ab7d198f927f,in.6.3.1,Qasida,2502.661465328935,2508.753941351293,2539.75,2549.75,Quddam, Tetouan institut,abrazūā wajhah al-jamīl
b11237b9-d45b-4b3a-a97b-ab7d198f927f,in.6.3.2,Qasida,2513.8880573457727,2518.918846672904,2563.75,2573.75,Quddam, Tetouan institut,thumm nādūā lilāimtiḥān
b11237b9-d45b-4b3a-a97b-ab7d198f927f,in.6.4.1,Qasida,2518.918846672904,2524.8792167661272,2575.75,2587.75,Quddam, Tetouan institut,ḥīn arādūā fitnatī
b11237b9-d45b-4b3a-a97b-ab7d198f927f,in.6.4.2,Qasida,2524.8792167661272,2530.6489544445244,2589.75,2598.75,Quddam, Tetouan institut,qarrabūā dhāk al-ḥasan
b11237b9-d45b-4b3a-a97b-ab7d198f927f,in.7.1.1,Moaxaja,2543.0041012115357,2554.811756082868,2631.75,2656.75,Quddam, Tetouan institut,shams al-‘ashīyah rawnaqat
b11237b9-d45b-4b3a-a97b-ab7d198f927f,in.7.1.2,Moaxaja,2558.9387061601633,2564.9550600034886,2666.75,2680.75,Quddam, Tetouan institut,jam‘ al-katā’ib wal-biṭāḥ wal-biṭāḥ
b11237b9-d45b-4b3a-a97b-ab7d198f927f,in.7.2.1,Moaxaja,2593.587711319493,2605.136390116412,2751.75,2776.75,Quddam, Tetouan institut,‘alá al-ghuṣūn ashraqat
b11237b9-d45b-4b3a-a97b-ab7d198f927f,in.7.2.2,Moaxaja,2609.2204973129037,2615.2571924925237,2786.75,2800.75,Quddam, Tetouan institut,wazuyyinat bihā al-liqāḥ al-liqāḥ
b11237b9-d45b-4b3a-a97b-ab7d198f927f,in.7.3.1,Moaxaja,2643.288824163347,2653.9678263699143,2871.75,2896.75,Quddam, Tetouan institut,wabiālghalas
b11237b9-d45b-4b3a-a97b-ab7d198f927f,in.7.3.2,Moaxaja,2657.979928896438,2664.1627936242085,2906.75,2920.75,Quddam, Tetouan institut,āhin ‘alá qalbī al-jirāḥ al-jirāḥ
b11237b9-d45b-4b3a-a97b-ab7d198f927f,in.7.4.1,Moaxaja,2668.5172785948325,2674.1908900728804,2931.75,2944.75,Quddam, Tetouan institut,tawashshaḥat bi-al-āiṣfirār bi-al-āiṣfirār
b11237b9-d45b-4b3a-a97b-ab7d198f927f,in.7.4.2,Moaxaja,2687.9591360578565,2693.9939861806542,2979.75,2992.75,Quddam, Tetouan institut,ḥīn ghuyyibat ‘an muqlatī muqlatī
b11237b9-d45b-4b3a-a97b-ab7d198f927f,in.7.5.1,Moaxaja,2697.778193892675,2708.71138965588,3003.75,3029.75,Quddam, Tetouan institut,waman hawiyat ẓabī al-nifār
b11237b9-d45b-4b3a-a97b-ab7d198f927f,in.7.5.2,Moaxaja,2712.398930945208,2718.402143919235,3038.75,3052.75,Quddam, Tetouan institut,‘awwal yā ṣāḥ ‘an furqatī furqatī
b11237b9-d45b-4b3a-a97b-ab7d198f927f,in.8.1.1,Zejel,2721.9875332889037,2730.8110761767553,3063.75,3083.75,Quddam, Tetouan institut,yā shams al-‘ashīyah
b11237b9-d45b-4b3a-a97b-ab7d198f927f,in.8.1.2,Zejel,2738.1416958887335,2748.9265618955737,3102.75,3128.75,Quddam, Tetouan institut,wadda‘tuk lillah
b11237b9-d45b-4b3a-a97b-ab7d198f927f,in.8.2.1,Zejel,2782.0793158734573,2790.7980225268407,3213.75,3233.75,Quddam, Tetouan institut,bi-al-wājib ‘alay
b11237b9-d45b-4b3a-a97b-ab7d198f927f,in.8.2.2,Zejel,2798.057537712369,2809.0411367445504,3252.75,3278.75,Quddam, Tetouan institut,astaghfir al-lah
